customer_id,campaign_id,opened,clicked,converted
717,1,0,0,0
953,1,0,0,0
60,1,1,0,0
1170,1,0,0,0
1119,1,1,1,1
892,1,1,0,0
406,1,1,1,0
432,1,1,0,0
763,1,1,0,0
974,1,0,0,0
629,1,0,0,0
1069,1,1,0,0
532,1,1,1,1
713,1,0,0,0
979,1,0,0,0
1332,1,0,0,0
245,1,1,0,0
648,1,0,0,0
1135,1,1,0,0
1220,1,1,0,0
1373,1,0,0,0
499,1,1,1,0
411,1,0,0,0
949,1,1,1,0
1110,1,0,0,0
190,1,1,0,0
1374,1,1,0,0
1335,1,1,0,0
1058,1,0,0,0
1453,1,0,0,0
625,1,0,0,0
1055,1,0,0,0
113,1,0,0,0
1011,1,0,0,0
23,1,0,0,0
607,1,0,0,0
942,1,0,0,0
299,1,1,0,0
134,1,1,0,0
1071,1,1,0,0
839,1,0,0,0
1291,1,0,0,0
250,1,0,0,0
334,1,1,0,0
939,1,1,0,0
50,1,1,0,0
401,1,1,1,0
572,1,0,0,0
1354,1,0,0,0
131,1,1,0,0
272,1,1,0,0
598,1,0,0,0
719,1,1,0,0
1416,1,1,0,0
808,1,1,0,0
292,1,1,0,0
1076,1,0,0,0
136,1,0,0,0
1209,1,0,0,0
688,1,0,0,0
34,1,1,1,1
690,1,0,0,0
8,1,1,0,0
867,1,0,0,0
437,1,1,1,1
597,1,1,1,1
734,1,0,0,0
175,1,0,0,0
699,1,1,1,1
1376,1,0,0,0
723,1,0,0,0
593,1,1,1,0
967,1,0,0,0
104,1,1,0,0
195,1,1,0,0
1063,1,0,0,0
526,1,0,0,0
1177,1,1,0,0
1271,1,1,0,0
1340,1,0,0,0
263,1,0,0,0
1267,1,0,0,0
1001,1,1,0,0
626,1,0,0,0
564,1,0,0,0
1149,1,1,0,0
692,1,0,0,0
793,1,1,0,0
1137,1,1,1,0
18,1,0,0,0
33,1,0,0,0
448,1,1,0,0
9,1,1,1,1
731,1,0,0,0
1049,1,0,0,0
1486,1,0,0,0
940,1,0,0,0
1490,1,1,0,0
172,1,0,0,0
983,1,0,0,0
488,1,1,0,0
121,1,0,0,0
267,1,0,0,0
124,1,0,0,0
305,1,1,0,0
137,1,1,0,0
12,1,0,0,0
1350,1,1,0,0
1389,1,0,0,0
1102,1,1,0,0
228,1,1,0,0
680,1,0,0,0
346,1,0,0,0
142,1,0,0,0
749,1,0,0,0
1107,1,0,0,0
562,1,1,0,0
500,1,0,0,0
815,1,1,0,0
183,1,0,0,0
571,1,0,0,0
911,1,1,1,1
846,1,0,0,0
295,1,1,0,0
1088,1,1,0,0
1028,1,1,0,0
541,1,1,0,0
798,1,1,0,0
805,1,0,0,0
1394,1,1,0,0
934,1,0,0,0
824,1,1,0,0
1385,1,1,0,0
1188,1,0,0,0
1371,1,1,0,0
1454,1,0,0,0
1353,1,0,0,0
339,1,0,0,0
505,1,0,0,0
303,1,0,0,0
946,1,1,0,0
1292,1,0,0,0
451,1,0,0,0
298,1,0,0,0
244,1,0,0,0
308,1,0,0,0
630,1,1,1,0
764,1,0,0,0
1304,1,1,0,0
100,1,0,0,0
205,1,1,1,1
386,1,0,0,0
1234,1,1,1,0
1369,1,1,1,1
22,1,0,0,0
345,1,0,0,0
766,1,1,0,0
578,1,0,0,0
400,1,1,1,1
1492,1,0,0,0
709,1,0,0,0
1053,1,1,0,0
36,1,1,0,0
54,1,0,0,0
1010,1,1,0,0
233,1,1,0,0
1132,1,1,0,0
534,1,1,0,0
591,1,1,0,0
328,1,1,0,0
1404,1,1,1,0
1352,1,1,1,0
803,1,0,0,0
542,1,1,0,0
1363,1,0,0,0
1400,1,1,0,0
160,1,0,0,0
835,1,0,0,0
240,1,1,0,0
813,1,1,1,1
527,1,0,0,0
1133,1,0,0,0
161,1,0,0,0
705,1,0,0,0
331,1,1,1,1
1405,1,1,0,0
363,1,0,0,0
1162,1,1,1,1
1402,1,1,0,0
916,1,0,0,0
1326,1,0,0,0
797,1,0,0,0
502,1,1,1,0
665,1,0,0,0
1237,1,1,0,0
342,1,0,0,0
966,1,0,0,0
1047,1,0,0,0
115,1,0,0,0
959,1,0,0,0
213,1,1,1,1
514,1,1,0,0
15,1,0,0,0
767,1,1,0,0
1183,1,1,1,1
851,1,1,1,0
1269,1,1,0,0
1151,1,1,1,1
737,1,0,0,0
491,1,1,0,0
202,1,0,0,0
234,1,0,0,0
1006,1,0,0,0
77,1,1,1,1
1487,1,0,0,0
457,1,1,1,0
1189,1,1,0,0
606,1,0,0,0
646,1,1,1,1
1129,1,0,0,0
701,1,0,0,0
361,1,0,0,0
759,1,0,0,0
886,1,0,0,0
222,1,1,1,0
1176,1,1,1,0
1249,1,1,0,0
987,1,0,0,0
649,1,1,0,0
354,1,1,1,0
1448,1,1,0,0
1125,1,1,0,0
1433,1,1,0,0
24,1,0,0,0
481,1,1,0,0
1146,1,1,1,0
1022,1,0,0,0
600,1,1,0,0
603,1,1,0,0
462,1,1,0,0
316,1,0,0,0
566,1,1,0,0
844,1,0,0,0
360,1,0,0,0
385,1,1,0,0
1366,1,0,0,0
638,1,0,0,0
1256,1,0,0,0
6,1,0,0,0
1077,1,0,0,0
489,1,0,0,0
914,1,1,0,0
1396,1,0,0,0
947,1,0,0,0
927,1,0,0,0
1206,1,1,0,0
417,1,0,0,0
1418,1,1,0,0
431,1,1,1,1
722,1,1,0,0
1329,1,0,0,0
799,1,0,0,0
700,1,0,0,0
930,1,1,1,0
877,1,1,0,0
739,1,0,0,0
901,1,0,0,0
220,1,0,0,0
370,1,1,1,0
969,1,1,0,0
512,1,1,0,0
359,1,0,0,0
1090,1,0,0,0
1294,1,1,0,0
467,1,0,0,0
1320,1,1,0,0
454,1,0,0,0
1035,1,0,0,0
1192,1,0,0,0
290,1,1,0,0
1079,1,0,0,0
1421,1,1,0,0
456,1,0,0,0
727,1,1,0,0
660,1,0,0,0
383,1,1,0,0
94,1,0,0,0
319,1,1,1,0
341,1,1,0,0
1414,1,1,0,0
249,1,0,0,0
475,1,1,0,0
755,1,1,0,0
1257,1,0,0,0
276,1,0,0,0
248,1,1,0,0
476,1,0,0,0
640,1,1,1,0
1120,1,0,0,0
540,1,0,0,0
696,1,0,0,0
264,1,1,0,0
592,1,0,0,0
174,1,0,0,0
186,1,1,1,1
1278,1,0,0,0
430,1,1,0,0
1283,1,1,1,0
149,1,0,0,0
601,1,0,0,0
208,1,1,0,0
1443,1,1,1,0
390,1,1,1,0
490,1,0,0,0
317,1,0,0,0
257,1,1,1,1
965,1,0,0,0
1052,1,0,0,0
1263,1,0,0,0
1015,1,1,0,0
261,1,1,0,0
440,1,0,0,0
980,1,0,0,0
1115,1,0,0,0
935,1,0,0,0
356,1,0,0,0
337,1,0,0,0
970,1,1,0,0
1056,1,1,0,0
1211,1,0,0,0
1417,1,0,0,0
786,1,1,1,0
1051,1,0,0,0
703,1,0,0,0
582,1,1,0,0
10,1,0,0,0
1279,1,1,1,0
230,1,0,0,0
1014,1,0,0,0
677,1,0,0,0
644,1,0,0,0
1187,1,0,0,0
1361,1,1,1,0
654,1,0,0,0
838,1,0,0,0
191,1,0,0,0
890,1,1,0,0
43,1,1,0,0
1205,1,0,0,0
1296,1,0,0,0
918,1,0,0,0
291,1,1,0,0
941,1,1,0,0
1099,1,0,0,0
978,1,0,0,0
1272,1,0,0,0
111,1,1,0,0
164,1,1,0,0
826,1,1,1,0
1471,1,0,0,0
46,1,1,0,0
102,1,0,0,0
223,1,1,1,0
664,1,1,0,0
21,1,0,0,0
203,1,0,0,0
1384,1,0,0,0
97,1,0,0,0
543,1,1,1,0
29,1,1,0,0
888,1,0,0,0
3,1,1,0,0
260,1,0,0,0
1007,1,0,0,0
1261,1,0,0,0
1426,1,0,0,0
907,1,0,0,0
465,1,0,0,0
64,1,0,0,0
1251,1,1,1,0
1029,1,1,1,0
48,1,1,0,0
1274,1,0,0,0
224,1,0,0,0
651,1,0,0,0
1092,1,1,0,0
736,1,0,0,0
1348,1,0,0,0
53,1,1,1,0
1200,1,1,0,0
1268,1,1,1,1
1167,1,1,0,0
922,1,0,0,0
1254,1,1,0,0
347,1,1,0,0
964,1,1,0,0
280,1,0,0,0
1240,1,0,0,0
1469,1,0,0,0
549,1,0,0,0
685,1,0,0,0
1276,1,0,0,0
375,1,0,0,0
1221,1,0,0,0
1381,1,1,0,0
1003,1,1,0,0
1009,1,0,0,0
350,1,0,0,0
1429,1,1,1,0
721,1,0,0,0
98,1,1,0,0
163,1,0,0,0
585,1,0,0,0
1012,1,1,0,0
1018,1,1,0,0
225,1,1,0,0
1212,1,1,1,0
627,1,1,1,0
788,1,1,1,0
1330,1,0,0,0
1195,1,0,0,0
1242,1,0,0,0
1386,1,0,0,0
550,1,1,0,0
320,1,0,0,0
243,1,0,0,0
293,1,0,0,0
669,1,1,0,0
495,1,0,0,0
449,1,0,0,0
1299,1,1,1,1
587,1,0,0,0
842,1,1,1,0
819,1,1,0,0
1199,1,1,0,0
1074,1,0,0,0
613,1,0,0,0
1411,1,0,0,0
802,1,1,1,1
72,1,0,0,0
349,1,0,0,0
1482,1,0,0,0
675,1,0,0,0
1184,1,1,0,0
89,1,0,0,0
340,1,1,0,0
1288,1,1,0,0
1208,1,0,0,0
166,1,1,0,0
470,1,1,0,0
726,1,0,0,0
91,1,1,0,0
407,1,0,0,0
381,1,1,1,0
563,1,0,0,0
395,1,1,1,1
1465,1,0,0,0
757,1,1,0,0
1398,1,0,0,0
849,1,0,0,0
870,1,1,0,0
1334,1,0,0,0
880,1,1,1,0
887,1,1,0,0
441,1,0,0,0
20,1,1,0,0
847,1,0,0,0
1337,1,0,0,0
506,1,0,0,0
1098,1,0,0,0
1244,1,1,0,0
745,1,1,0,0
702,1,1,1,0
1258,1,0,0,0
31,1,1,0,0
961,1,0,0,0
67,1,0,0,0
623,1,1,1,1
116,1,0,0,0
998,1,0,0,0
910,1,0,0,0
1310,1,0,0,0
1203,1,1,0,0
1314,1,0,0,0
1084,1,1,1,0
1027,1,0,0,0
218,1,1,0,0
1039,1,0,0,0
1344,1,1,1,1
827,1,0,0,0
35,1,1,0,0
173,1,0,0,0
769,1,0,0,0
876,1,1,0,0
374,1,0,0,0
994,1,0,0,0
1300,1,0,0,0
950,1,1,0,0
458,1,0,0,0
120,1,0,0,0
782,1,0,0,0
268,1,1,1,0
493,1,0,0,0
1494,1,0,0,0
313,1,1,0,0
776,1,0,0,0
1341,1,1,0,0
1096,1,0,0,0
1165,1,0,0,0
807,1,0,0,0
945,1,0,0,0
1111,1,1,0,0
904,1,0,0,0
1246,1,0,0,0
770,1,0,0,0
1252,1,0,0,0
439,1,1,0,0
1287,1,1,1,1
829,1,1,1,1
832,1,1,1,0
1218,1,1,1,0
348,1,0,0,0
66,1,0,0,0
1080,1,1,0,0
991,1,1,1,1
1497,1,0,0,0
1112,1,1,1,1
733,1,0,0,0
141,1,0,0,0
1359,1,1,0,0
828,1,0,0,0
750,1,0,0,0
473,1,1,0,0
1355,1,1,0,0
676,1,1,0,0
310,1,1,0,0
1171,1,1,0,0
324,1,1,0,0
259,1,0,0,0
483,1,0,0,0
1466,1,0,0,0
1152,1,0,0,0
931,1,1,0,0
1495,1,1,0,0
812,1,0,0,0
779,1,1,1,0
52,1,0,0,0
742,1,0,0,0
995,1,0,0,0
138,1,0,0,0
1431,1,0,0,0
376,1,1,1,0
269,1,0,0,0
519,1,0,0,0
1422,1,1,1,0
332,1,1,1,0
834,1,1,0,0
1333,1,1,0,0
1156,1,1,1,1
1379,1,0,0,0
992,1,0,0,0
952,1,0,0,0
326,1,1,0,0
762,1,1,1,0
1140,1,0,0,0
418,1,1,1,0
614,1,1,1,0
314,1,0,0,0
796,1,0,0,0
1500,1,0,0,0
1347,1,0,0,0
1161,1,1,0,0
817,1,1,1,0
645,1,1,1,1
624,1,1,0,0
318,1,0,0,0
1432,1,0,0,0
1430,1,1,1,1
1113,1,1,1,0
1475,1,0,0,0
1440,1,0,0,0
1202,1,1,0,0
1270,1,1,1,0
1046,1,0,0,0
771,1,1,0,0
1000,1,1,0,0
133,1,0,0,0
1045,1,0,0,0
351,1,1,0,0
1148,1,0,0,0
1,1,0,0,0
217,1,1,0,0
1020,1,0,0,0
463,1,0,0,0
962,1,0,0,0
1438,1,0,0,0
404,1,0,0,0
650,1,0,0,0
159,1,1,0,0
1116,1,1,0,0
235,1,1,0,0
1054,1,1,1,0
662,1,1,1,1
412,1,0,0,0
1360,1,1,0,0
1083,1,0,0,0
869,1,1,1,1
1023,1,0,0,0
158,1,1,1,0
1226,1,0,0,0
389,1,1,1,0
1030,1,0,0,0
1166,1,0,0,0
1458,1,0,0,0
1066,1,0,0,0
1101,1,0,0,0
494,1,0,0,0
393,1,1,0,0
511,1,1,1,0
38,1,1,0,0
508,1,1,0,0
795,1,0,0,0
162,1,0,0,0
1282,1,1,0,0
1061,1,0,0,0
872,1,1,0,0
82,1,0,0,0
718,1,1,1,1
1403,1,0,0,0
656,1,1,0,0
103,1,1,0,0
96,1,1,1,0
379,1,0,0,0
47,1,0,0,0
885,1,1,1,0
809,1,1,0,0
852,1,0,0,0
1459,1,1,0,0
76,1,0,0,0
1493,1,1,0,0
884,1,1,0,0
419,1,1,0,0
271,1,0,0,0
1286,1,0,0,0
252,1,1,0,0
288,1,1,0,0
335,1,1,1,1
641,1,0,0,0
209,1,1,0,0
279,1,1,1,0
1489,1,0,0,0
1324,1,0,0,0
672,1,1,0,0
1050,1,1,0,0
716,1,0,0,0
146,1,0,0,0
14,1,0,0,0
1059,1,1,0,0
1216,1,0,0,0
285,1,0,0,0
196,1,1,1,0
1289,1,1,1,1
388,1,0,0,0
881,1,1,1,1
424,1,0,0,0
1399,1,0,0,0
551,1,0,0,0
81,1,1,0,0
1002,1,1,1,1
466,1,1,0,0
423,1,0,0,0
1173,1,0,0,0
714,1,1,0,0
612,1,1,1,0
753,1,0,0,0
747,1,1,0,0
1262,1,0,0,0
1498,1,0,0,0
17,1,0,0,0
1013,1,1,1,0
315,1,1,0,0
777,1,0,0,0
1480,1,1,0,0
118,1,0,0,0
504,1,1,0,0
1412,1,0,0,0
275,1,0,0,0
322,1,1,0,0
509,1,0,0,0
201,1,1,1,0
1390,1,1,0,0
497,1,0,0,0
373,1,1,1,0
371,1,1,0,0
198,1,0,0,0
865,1,0,0,0
184,1,0,0,0
109,1,0,0,0
684,1,1,0,0
1057,1,0,0,0
1163,1,1,1,0
711,1,1,0,0
1214,1,0,0,0
153,1,1,0,0
323,1,1,0,0
552,1,0,0,0
227,1,1,0,0
277,1,0,0,0
426,1,0,0,0
387,1,1,1,0
1130,1,0,0,0
765,1,0,0,0
384,1,0,0,0
790,1,1,0,0
605,1,0,0,0
1041,1,1,1,0
1470,1,1,1,1
1072,1,0,0,0
632,1,0,0,0
1008,1,0,0,0
156,1,0,0,0
1085,1,1,0,0
944,1,1,1,0
486,1,0,0,0
372,1,1,0,0
1201,1,0,0,0
1264,1,1,1,1
127,1,1,0,0
1273,1,1,1,0
533,1,0,0,0
1124,1,1,1,0
923,1,0,0,0
262,1,0,0,0
95,1,0,0,0
1100,1,0,0,0
1117,1,0,0,0
1104,1,0,0,0
555,1,0,0,0
909,1,1,0,0
1048,1,1,1,0
1321,1,1,0,0
653,1,0,0,0
673,1,1,0,0
306,1,1,0,0
484,1,0,0,0
147,1,0,0,0
575,1,0,0,0
1446,1,1,0,0
1255,1,1,0,0
296,1,1,0,0
445,1,1,1,0
479,1,0,0,0
1441,1,0,0,0
830,1,0,0,0
58,1,0,0,0
1420,1,0,0,0
1193,1,1,0,0
49,1,1,0,0
725,1,0,0,0
30,1,0,0,0
85,1,0,0,0
1370,1,0,0,0
743,1,0,0,0
604,1,1,0,0
193,1,1,0,0
1136,1,1,1,0
1172,1,1,0,0
691,1,1,0,0
128,1,1,0,0
1378,1,0,0,0
358,1,0,0,0
1108,1,0,0,0
394,1,1,0,0
453,1,1,0,0
231,1,0,0,0
297,1,1,0,0
928,1,0,0,0
55,1,1,1,1
325,1,0,0,0
706,1,0,0,0
1191,1,1,0,0
507,1,0,0,0
580,1,0,0,0
1311,1,1,1,0
428,1,1,1,0
761,1,0,0,0
7,1,1,1,1
955,1,1,0,0
933,1,1,0,0
1143,1,0,0,0
468,1,1,1,0
823,1,0,0,0
62,1,0,0,0
206,1,1,0,0
1064,1,0,0,0
1410,1,0,0,0
414,1,1,0,0
403,1,0,0,0
333,1,1,0,0
37,1,1,1,1
145,1,0,0,0
165,1,1,0,0
528,1,0,0,0
1031,1,1,0,0
1094,1,0,0,0
879,1,0,0,0
1327,1,0,0,0
246,1,0,0,0
1367,1,1,0,0
415,1,1,0,0
44,1,1,0,0
708,1,0,0,0
1126,1,0,0,0
311,1,1,0,0
875,1,0,0,0
1128,1,0,0,0
503,1,1,0,0
754,1,0,0,0
1343,1,1,0,0
369,1,0,0,0
1147,1,0,0,0
707,1,1,0,0
896,1,0,0,0
1365,1,1,0,0
1248,1,0,0,0
1436,1,0,0,0
539,1,1,0,0
968,1,0,0,0
1131,1,1,1,0
697,1,0,0,0
80,1,1,0,0
474,1,1,0,0
380,1,0,0,0
689,1,0,0,0
1319,1,1,0,0
1457,1,1,0,0
1238,1,0,0,0
51,1,0,0,0
560,1,1,0,0
1307,1,0,0,0
367,1,1,0,0
239,1,0,0,0
382,1,0,0,0
1280,1,0,0,0
744,1,0,0,0
1168,1,1,0,0
857,1,0,0,0
1175,1,1,0,0
1235,1,0,0,0
926,1,0,0,0
59,1,1,1,0
433,1,1,0,0
1290,1,1,1,0
150,1,1,0,0
294,1,0,0,0
446,1,1,1,0
827,2,0,0,0
406,2,1,1,1
692,2,1,0,0
1364,2,0,0,0
532,2,1,1,1
1442,2,1,0,0
30,2,1,0,0
824,2,0,0,0
354,2,1,0,0
177,2,0,0,0
346,2,0,0,0
651,2,1,0,0
460,2,0,0,0
802,2,1,0,0
1372,2,1,0,0
1175,2,0,0,0
43,2,0,0,0
98,2,1,1,0
556,2,0,0,0
1389,2,0,0,0
889,2,0,0,0
419,2,0,0,0
752,2,1,1,0
749,2,0,0,0
1204,2,0,0,0
1131,2,1,0,0
1253,2,1,1,0
1259,2,1,1,1
116,2,0,0,0
1060,2,1,0,0
777,2,0,0,0
412,2,0,0,0
227,2,0,0,0
575,2,1,0,0
594,2,0,0,0
140,2,0,0,0
1490,2,0,0,0
1293,2,0,0,0
611,2,1,1,0
1125,2,1,1,0
742,2,1,1,0
448,2,0,0,0
755,2,1,0,0
1115,2,0,0,0
220,2,1,1,1
526,2,1,1,0
851,2,0,0,0
1417,2,0,0,0
111,2,0,0,0
108,2,0,0,0
1162,2,1,1,0
462,2,1,0,0
645,2,0,0,0
521,2,0,0,0
1126,2,1,0,0
270,2,1,0,0
1216,2,1,0,0
958,2,1,0,0
1090,2,1,1,0
209,2,1,1,1
1466,2,0,0,0
614,2,0,0,0
6,2,1,0,0
159,2,1,0,0
646,2,1,0,0
1165,2,1,0,0
283,2,1,1,1
779,2,0,0,0
45,2,0,0,0
152,2,0,0,0
838,2,0,0,0
102,2,0,0,0
328,2,0,0,0
322,2,1,0,0
857,2,1,0,0
1199,2,0,0,0
1147,2,0,0,0
424,2,1,0,0
903,2,0,0,0
570,2,1,1,0
1041,2,0,0,0
323,2,1,1,1
847,2,1,0,0
376,2,0,0,0
20,2,0,0,0
407,2,1,0,0
1138,2,1,0,0
1156,2,1,1,0
305,2,1,1,1
1326,2,0,0,0
789,2,1,0,0
1429,2,1,0,0
252,2,0,0,0
1307,2,0,0,0
1193,2,0,0,0
1212,2,1,1,0
168,2,1,1,0
1186,2,0,0,0
656,2,0,0,0
1430,2,0,0,0
1284,2,0,0,0
523,2,0,0,0
1168,2,0,0,0
952,2,1,0,0
1401,2,0,0,0
906,2,0,0,0
819,2,0,0,0
1250,2,1,0,0
878,2,1,1,0
94,2,1,1,0
758,2,1,0,0
1263,2,0,0,0
1246,2,0,0,0
1024,2,1,0,0
534,2,0,0,0
466,2,1,0,0
597,2,0,0,0
219,2,0,0,0
313,2,1,0,0
618,2,1,0,0
1176,2,1,1,1
1142,2,0,0,0
505,2,0,0,0
231,2,0,0,0
1209,2,0,0,0
1079,2,1,0,0
699,2,0,0,0
1376,2,1,0,0
1068,2,0,0,0
1411,2,0,0,0
551,2,1,0,0
1337,2,0,0,0
1426,2,1,1,1
924,2,0,0,0
1459,2,0,0,0
837,2,1,1,1
508,2,0,0,0
753,2,1,0,0
206,2,0,0,0
670,2,0,0,0
199,2,1,1,0
447,2,1,1,0
182,2,1,1,1
615,2,1,0,0
79,2,1,1,0
1487,2,1,1,1
1455,2,1,1,1
955,2,0,0,0
1432,2,1,0,0
109,2,0,0,0
369,2,1,1,1
1155,2,0,0,0
58,2,0,0,0
1004,2,0,0,0
1347,2,1,0,0
1056,2,1,0,0
482,2,1,1,0
372,2,0,0,0
707,2,0,0,0
787,2,0,0,0
446,2,1,0,0
355,2,1,0,0
676,2,1,0,0
352,2,1,0,0
1296,2,0,0,0
1134,2,0,0,0
1200,2,1,0,0
1196,2,0,0,0
798,2,1,0,0
1025,2,1,0,0
873,2,0,0,0
1314,2,0,0,0
1315,2,0,0,0
1438,2,0,0,0
883,2,0,0,0
13,2,1,1,0
829,2,1,1,0
224,2,1,0,0
1094,2,0,0,0
389,2,0,0,0
812,2,0,0,0
1256,2,1,0,0
11,2,1,0,0
1454,2,1,0,0
667,2,0,0,0
1276,2,1,1,0
118,2,0,0,0
37,2,1,0,0
50,2,0,0,0
1436,2,0,0,0
1457,2,1,1,0
641,2,1,0,0
748,2,1,0,0
549,2,1,0,0
949,2,1,0,0
1328,2,0,0,0
781,2,0,0,0
944,2,1,1,0
1117,2,1,1,1
120,2,1,0,0
161,2,1,1,0
386,2,0,0,0
788,2,1,0,0
272,2,0,0,0
1327,2,0,0,0
392,2,0,0,0
1133,2,0,0,0
399,2,1,0,0
1122,2,1,0,0
238,2,1,0,0
1331,2,1,1,0
1226,2,1,1,1
559,2,1,1,0
1363,2,1,0,0
1281,2,1,0,0
968,2,0,0,0
1370,2,0,0,0
821,2,0,0,0
119,2,0,0,0
1103,2,0,0,0
635,2,0,0,0
1368,2,1,0,0
1102,2,1,0,0
693,2,0,0,0
1236,2,0,0,0
404,2,0,0,0
65,2,1,1,1
895,2,0,0,0
879,2,0,0,0
1123,2,0,0,0
1308,2,0,0,0
869,2,0,0,0
1282,2,0,0,0
809,2,0,0,0
54,2,0,0,0
103,2,0,0,0
222,2,1,0,0
363,2,1,1,0
1433,2,1,0,0
405,2,1,0,0
1099,2,1,1,0
1495,2,1,1,1
1381,2,1,0,0
983,2,1,0,0
1305,2,0,0,0
181,2,1,0,0
724,2,0,0,0
301,2,0,0,0
1141,2,1,0,0
943,2,0,0,0
939,2,1,1,0
1154,2,0,0,0
34,2,1,0,0
315,2,1,0,0
99,2,1,1,0
1323,2,1,1,1
1233,2,1,0,0
871,2,0,0,0
1157,2,1,1,0
1149,2,0,0,0
358,2,1,1,1
1249,2,0,0,0
1449,2,1,0,0
875,2,1,1,0
113,2,1,1,1
1269,2,1,1,1
341,2,0,0,0
1234,2,1,0,0
430,2,1,1,1
314,2,1,0,0
321,2,1,0,0
1312,2,1,1,1
150,2,0,0,0
762,2,0,0,0
1192,2,1,1,0
736,2,1,0,0
1081,2,0,0,0
366,2,1,1,0
537,2,1,1,0
5,2,1,0,0
950,2,1,0,0
800,2,1,0,0
100,2,0,0,0
1230,2,1,0,0
1497,2,1,0,0
945,2,0,0,0
725,2,0,0,0
360,2,1,0,0
1214,2,1,0,0
458,2,0,0,0
1108,2,1,1,0
1483,2,0,0,0
1333,2,1,1,0
1485,2,1,1,1
1107,2,1,0,0
694,2,0,0,0
1017,2,0,0,0
278,2,1,0,0
655,2,1,1,0
921,2,1,0,0
1113,2,1,0,0
14,2,1,0,0
1343,2,1,0,0
1240,2,0,0,0
514,2,0,0,0
156,2,0,0,0
310,2,0,0,0
1393,2,1,0,0
683,2,0,0,0
565,2,0,0,0
1038,2,0,0,0
1078,2,1,1,0
1238,2,0,0,0
347,2,1,0,0
1006,2,0,0,0
422,2,1,0,0
1221,2,0,0,0
920,2,0,0,0
1057,2,0,0,0
1148,2,1,0,0
572,2,1,1,0
1313,2,1,1,0
246,2,1,0,0
68,2,1,0,0
1173,2,1,1,0
1448,2,1,1,1
750,2,1,1,0
1053,2,1,0,0
1231,2,0,0,0
813,2,1,1,0
332,2,1,1,0
867,2,1,0,0
715,2,1,0,0
265,2,0,0,0
976,2,0,0,0
215,2,1,0,0
185,2,0,0,0
93,2,0,0,0
42,2,1,0,0
860,2,1,0,0
794,2,0,0,0
335,2,1,1,0
1224,2,0,0,0
524,2,1,1,1
744,2,0,0,0
378,2,1,0,0
426,2,1,0,0
852,2,0,0,0
282,2,1,1,0
290,2,1,1,0
75,2,0,0,0
544,2,0,0,0
398,2,1,0,0
418,2,1,0,0
1198,2,0,0,0
16,2,0,0,0
507,2,1,0,0
1013,2,1,1,0
66,2,1,0,0
1400,2,0,0,0
1118,2,0,0,0
1139,2,0,0,0
1019,2,0,0,0
126,2,1,1,0
954,2,1,0,0
180,2,0,0,0
324,2,1,1,1
629,2,0,0,0
295,2,0,0,0
660,2,0,0,0
520,2,1,1,0
1420,2,0,0,0
136,2,1,0,0
477,2,1,0,0
796,2,0,0,0
605,2,0,0,0
677,2,1,0,0
380,2,0,0,0
1040,2,0,0,0
319,2,0,0,0
621,2,0,0,0
1377,2,1,0,0
669,2,0,0,0
83,2,1,0,0
1342,2,1,1,1
1302,2,0,0,0
674,2,0,0,0
193,2,0,0,0
35,2,1,0,0
1223,2,1,1,0
927,2,0,0,0
961,2,1,0,0
62,2,0,0,0
956,2,1,0,0
642,2,0,0,0
609,2,0,0,0
665,2,1,0,0
1292,2,0,0,0
1059,2,1,0,0
145,2,1,0,0
509,2,1,0,0
1129,2,1,1,1
10,2,1,1,0
751,2,1,0,0
1067,2,1,0,0
82,2,0,0,0
1097,2,0,0,0
1127,2,0,0,0
625,2,1,0,0
704,2,1,0,0
925,2,0,0,0
1492,2,1,0,0
608,2,1,0,0
1280,2,0,0,0
71,2,1,1,0
933,2,0,0,0
1027,2,1,0,0
340,2,0,0,0
1405,2,0,0,0
162,2,1,0,0
371,2,0,0,0
706,2,0,0,0
361,2,0,0,0
546,2,0,0,0
148,2,1,0,0
1394,2,1,0,0
931,2,1,0,0
453,2,1,0,0
863,2,1,0,0
1484,2,0,0,0
21,2,0,0,0
729,2,1,1,0
731,2,0,0,0
390,2,0,0,0
1290,2,0,0,0
128,2,0,0,0
236,2,1,0,0
1475,2,0,0,0
726,2,0,0,0
1446,2,0,0,0
666,2,1,0,0
709,2,1,1,0
78,2,0,0,0
130,2,1,0,0
1080,2,0,0,0
287,2,0,0,0
1357,2,1,0,0
1174,2,1,1,1
276,2,1,0,0
304,2,0,0,0
613,2,0,0,0
536,2,1,0,0
876,2,1,0,0
500,2,0,0,0
900,2,1,1,0
1048,2,0,0,0
1052,2,1,0,0
659,2,0,0,0
593,2,1,0,0
535,2,1,0,0
153,2,0,0,0
212,2,0,0,0
1471,2,0,0,0
343,2,0,0,0
196,2,0,0,0
874,2,0,0,0
801,2,1,0,0
1036,2,0,0,0
194,2,0,0,0
1348,2,1,0,0
947,2,0,0,0
2,2,1,0,0
1242,2,1,0,0
1450,2,1,0,0
149,2,1,1,0
767,2,1,0,0
414,2,1,0,0
1232,2,0,0,0
652,2,1,0,0
1218,2,0,0,0
650,2,0,0,0
864,2,1,0,0
1349,2,1,1,1
866,2,0,0,0
1297,2,1,0,0
679,2,1,1,0
756,2,1,0,0
394,2,1,1,1
658,2,1,1,0
554,2,0,0,0
1344,2,0,0,0
8,2,1,0,0
1077,2,0,0,0
1461,2,1,1,1
604,2,1,1,0
1287,2,1,0,0
1062,2,1,1,0
548,2,0,0,0
743,2,1,0,0
678,2,0,0,0
836,2,1,1,0
362,2,1,1,0
297,2,1,0,0
1225,2,1,0,0
329,2,1,0,0
1033,2,1,0,0
1388,2,0,0,0
1365,2,1,1,0
263,2,0,0,0
299,2,1,0,0
1319,2,0,0,0
251,2,1,0,0
1310,2,1,0,0
1325,2,0,0,0
913,2,1,0,0
978,2,1,0,0
1210,3,1,0,0
859,3,1,0,0
226,3,1,0,0
1323,3,0,0,0
808,3,1,0,0
150,3,0,0,0
436,3,1,0,0
299,3,0,0,0
203,3,0,0,0
1130,3,1,0,0
1229,3,1,1,0
1304,3,1,1,0
1109,3,0,0,0
1037,3,0,0,0
88,3,0,0,0
765,3,0,0,0
440,3,1,0,0
264,3,0,0,0
1299,3,1,0,0
1484,3,0,0,0
624,3,1,0,0
670,3,1,0,0
546,3,0,0,0
585,3,1,1,0
543,3,0,0,0
192,3,0,0,0
143,3,0,0,0
40,3,0,0,0
1209,3,1,0,0
1199,3,0,0,0
871,3,1,1,0
1341,3,0,0,0
803,3,0,0,0
574,3,0,0,0
93,3,1,0,0
1482,3,1,1,0
211,3,1,0,0
319,3,1,0,0
836,3,1,1,1
914,3,1,0,0
940,3,1,1,0
270,3,0,0,0
167,3,1,0,0
487,3,0,0,0
656,3,1,1,0
430,3,0,0,0
1289,3,0,0,0
1318,3,1,0,0
837,3,0,0,0
737,3,1,0,0
1120,3,0,0,0
516,3,1,0,0
512,3,0,0,0
170,3,1,0,0
909,3,1,0,0
468,3,1,1,0
630,3,1,0,0
1392,3,1,1,0
998,3,1,1,0
318,3,0,0,0
460,3,0,0,0
1226,3,0,0,0
514,3,1,0,0
867,3,1,0,0
863,3,1,0,0
1242,3,0,0,0
964,3,0,0,0
621,3,0,0,0
506,3,0,0,0
54,3,0,0,0
768,3,1,1,0
1096,3,1,0,0
347,3,1,0,0
305,3,0,0,0
763,3,0,0,0
33,3,1,0,0
1119,3,1,0,0
577,3,0,0,0
55,3,1,0,0
388,3,0,0,0
89,3,0,0,0
1277,3,1,0,0
915,3,1,1,1
193,3,1,0,0
26,3,1,0,0
743,3,0,0,0
1497,3,1,1,0
5,3,1,0,0
58,3,0,0,0
654,3,1,1,1
845,3,1,1,0
671,3,1,0,0
1370,3,0,0,0
92,3,1,1,1
880,3,1,0,0
1136,3,1,0,0
1154,3,1,0,0
705,3,1,0,0
1011,3,1,1,0
407,3,1,0,0
1064,3,0,0,0
70,3,1,0,0
1498,3,1,0,0
358,3,0,0,0
1479,3,1,0,0
384,3,0,0,0
1350,3,1,0,0
643,3,0,0,0
1270,3,0,0,0
100,3,1,0,0
1328,3,1,0,0
1214,3,0,0,0
645,3,0,0,0
1100,3,1,0,0
1132,3,1,1,1
1244,3,0,0,0
291,3,1,1,0
824,3,0,0,0
758,3,0,0,0
881,3,0,0,0
412,3,1,0,0
1257,3,0,0,0
137,3,1,1,0
1325,3,1,0,0
402,3,0,0,0
1102,3,0,0,0
232,3,1,1,0
363,3,1,0,0
862,3,1,0,0
1406,3,1,1,1
857,3,0,0,0
760,3,0,0,0
1273,3,1,0,0
1170,3,0,0,0
1437,3,0,0,0
686,3,0,0,0
966,3,1,0,0
1186,3,0,0,0
439,3,0,0,0
877,3,0,0,0
651,3,0,0,0
153,3,1,0,0
1362,3,1,0,0
701,3,1,0,0
45,3,1,1,1
1252,3,0,0,0
829,3,0,0,0
1401,3,1,0,0
1264,3,0,0,0
481,3,1,1,0
500,3,0,0,0
1066,3,1,0,0
811,3,1,0,0
1068,3,1,1,0
535,3,0,0,0
959,3,1,1,0
1359,3,0,0,0
1195,3,0,0,0
782,3,0,0,0
1022,3,1,0,0
1041,3,1,1,0
1159,3,1,0,0
726,3,0,0,0
250,3,1,1,0
1087,3,1,0,0
499,3,0,0,0
1187,3,0,0,0
785,3,0,0,0
125,3,0,0,0
1446,3,1,1,0
157,3,0,0,0
1449,3,0,0,0
798,3,1,0,0
254,3,1,0,0
570,3,1,0,0
716,3,0,0,0
1013,3,1,0,0
1412,3,0,0,0
988,3,1,0,0
1047,3,1,1,0
856,3,0,0,0
558,3,0,0,0
139,3,0,0,0
266,3,0,0,0
169,3,0,0,0
839,3,0,0,0
711,3,0,0,0
635,3,1,0,0
323,3,1,0,0
891,3,1,0,0
832,3,1,1,0
1218,3,1,0,0
236,3,1,1,1
755,3,0,0,0
1292,3,1,0,0
1494,3,1,1,1
19,3,1,0,0
155,3,0,0,0
223,3,0,0,0
1461,3,1,1,0
433,3,0,0,0
85,3,1,0,0
797,3,1,1,0
589,3,1,0,0
1197,3,1,0,0
1221,3,1,0,0
657,3,1,0,0
957,3,0,0,0
1377,3,0,0,0
315,3,1,0,0
343,3,1,1,0
247,3,1,0,0
1366,3,1,0,0
510,3,0,0,0
675,3,1,0,0
1397,3,1,0,0
1261,3,1,0,0
917,3,0,0,0
118,3,0,0,0
135,3,1,1,1
1251,3,1,1,0
1417,3,1,0,0
537,3,0,0,0
1254,3,0,0,0
1285,3,1,0,0
1423,3,1,1,0
1298,3,1,0,0
719,3,0,0,0
889,3,0,0,0
1291,3,1,1,0
597,3,1,1,1
978,3,1,0,0
532,3,1,0,0
1049,3,1,0,0
1207,3,0,0,0
449,3,0,0,0
1478,3,1,1,0
450,3,0,0,0
198,3,0,0,0
706,3,0,0,0
1308,3,1,0,0
262,3,1,0,0
292,3,1,0,0
1450,3,1,0,0
990,3,0,0,0
1426,3,1,0,0
1023,3,0,0,0
366,3,0,0,0
129,3,1,0,0
674,3,0,0,0
268,3,1,0,0
177,3,1,1,1
127,3,1,1,0
1428,3,0,0,0
478,3,1,0,0
611,3,1,0,0
469,3,0,0,0
424,3,0,0,0
140,3,1,1,1
99,3,0,0,0
745,3,1,0,0
732,3,1,0,0
729,3,1,1,1
1249,3,1,1,0
1416,3,1,0,0
779,3,0,0,0
216,3,1,0,0
1331,3,0,0,0
865,3,1,1,0
896,3,0,0,0
904,3,0,0,0
457,3,0,0,0
815,3,0,0,0
1149,3,1,0,0
1381,3,0,0,0
692,3,0,0,0
197,3,0,0,0
1054,3,0,0,0
447,3,1,0,0
7,3,1,1,0
1172,3,1,0,0
1493,3,1,1,0
1490,3,0,0,0
260,3,1,1,1
41,3,1,1,0
293,3,0,0,0
823,3,0,0,0
662,3,0,0,0
28,3,0,0,0
230,3,1,0,0
455,3,1,0,0
1055,3,1,1,0
184,3,0,0,0
1158,3,0,0,0
239,3,0,0,0
365,3,1,0,0
1129,3,1,0,0
751,3,0,0,0
1477,3,1,0,0
1343,3,0,0,0
18,3,1,0,0
432,3,0,0,0
486,3,0,0,0
586,3,1,1,0
437,3,1,0,0
524,3,1,0,0
1194,3,1,0,0
364,3,1,0,0
339,3,0,0,0
1060,3,1,0,0
1193,3,1,0,0
1267,3,1,1,0
1481,3,1,1,0
1031,3,0,0,0
1208,3,1,0,0
1021,3,1,1,0
148,3,1,0,0
341,3,1,0,0
190,3,1,0,0
490,3,1,1,1
98,3,1,1,0
23,3,0,0,0
900,3,0,0,0
826,3,0,0,0
1286,3,0,0,0
496,3,1,0,0
1069,3,1,0,0
191,3,1,1,0
421,3,1,0,0
180,3,0,0,0
1126,3,1,1,0
124,3,0,0,0
637,3,1,0,0
401,3,0,0,0
641,3,1,1,0
208,3,1,0,0
390,3,1,0,0
274,3,0,0,0
1462,3,0,0,0
1284,3,1,1,0
814,3,1,1,0
715,3,1,1,1
95,3,0,0,0
271,3,0,0,0
24,3,1,1,1
668,3,0,0,0
615,3,1,0,0
1233,3,1,0,0
429,3,1,0,0
225,3,1,1,0
1336,3,0,0,0
1177,3,1,0,0
283,3,0,0,0
519,3,0,0,0
704,3,1,0,0
446,3,1,0,0
243,3,0,0,0
1225,3,1,1,0
1393,3,0,0,0
1398,3,1,0,0
1168,3,0,0,0
1188,3,1,0,0
710,3,0,0,0
515,3,1,0,0
1211,3,0,0,0
1106,3,1,0,0
20,3,0,0,0
1035,3,0,0,0
214,3,0,0,0
1316,3,1,1,1
623,3,1,1,0
1026,3,0,0,0
1355,3,0,0,0
1305,3,0,0,0
72,3,0,0,0
491,3,1,0,0
309,3,1,0,0
1263,3,0,0,0
252,3,1,0,0
1389,3,1,1,0
345,3,1,1,0
1360,3,0,0,0
718,3,0,0,0
827,3,0,0,0
759,3,1,0,0
1147,3,0,0,0
492,3,0,0,0
604,3,1,0,0
974,3,0,0,0
1376,3,0,0,0
229,3,0,0,0
311,3,1,0,0
1097,3,0,0,0
1388,3,1,0,0
1080,3,1,0,0
734,3,0,0,0
1265,3,1,0,0
1395,3,0,0,0
1040,3,1,1,1
425,3,1,0,0
1127,3,0,0,0
381,3,0,0,0
200,3,0,0,0
561,3,1,0,0
187,3,0,0,0
43,3,0,0,0
1339,3,0,0,0
351,3,0,0,0
346,3,0,0,0
942,3,1,0,0
1408,3,1,0,0
733,3,1,1,1
714,3,1,0,0
666,3,0,0,0
488,3,0,0,0
1379,3,1,0,0
536,3,0,0,0
1063,3,1,0,0
286,3,0,0,0
212,3,1,0,0
97,3,0,0,0
1402,3,1,1,1
1487,3,1,0,0
1486,3,1,1,0
220,3,1,1,1
1293,3,1,0,0
948,3,1,1,0
1313,3,0,0,0
258,3,1,0,0
678,3,0,0,0
1459,3,0,0,0
912,3,1,0,0
406,3,0,0,0
219,3,1,0,0
799,3,0,0,0
672,3,0,0,0
805,3,1,1,0
928,3,1,0,0
681,3,0,0,0
251,3,0,0,0
854,3,0,0,0
993,3,1,0,0
328,3,0,0,0
563,3,1,0,0
1043,3,1,0,0
1440,3,1,1,0
136,3,0,0,0
541,3,1,1,0
394,3,0,0,0
873,3,0,0,0
110,3,0,0,0
1500,3,1,0,0
875,3,1,0,0
38,3,1,0,0
659,3,0,0,0
700,3,1,0,0
1445,3,0,0,0
861,3,1,0,0
287,3,0,0,0
784,3,0,0,0
418,3,1,1,0
1340,3,0,0,0
302,3,1,1,0
1016,3,0,0,0
1189,3,0,0,0
22,3,0,0,0
527,3,0,0,0
1375,3,1,0,0
48,3,1,0,0
911,3,1,1,0
953,3,0,0,0
477,3,1,0,0
554,3,1,0,0
958,3,0,0,0
1122,3,1,0,0
1093,3,1,0,0
1268,3,0,0,0
123,3,1,1,0
1275,3,0,0,0
1148,3,1,0,0
646,3,1,1,0
1165,3,1,0,0
1231,3,0,0,0
352,3,0,0,0
183,3,0,0,0
969,3,0,0,0
1452,3,0,0,0
189,3,0,0,0
1287,3,0,0,0
313,3,0,0,0
1058,3,1,0,0
576,3,0,0,0
1070,3,0,0,0
922,3,0,0,0
772,3,0,0,0
583,3,0,0,0
380,3,1,0,0
1312,3,1,0,0
989,3,0,0,0
367,3,1,1,0
1297,3,1,1,0
145,3,1,0,0
1255,3,0,0,0
419,3,1,0,0
121,3,0,0,0
648,3,0,0,0
673,3,0,0,0
838,3,0,0,0
256,3,0,0,0
713,3,1,1,0
980,3,1,0,0
1443,3,0,0,0
416,3,1,0,0
374,3,1,0,0
1248,3,0,0,0
756,3,1,0,0
423,3,1,0,0
951,3,0,0,0
162,3,0,0,0
991,3,1,0,0
572,3,0,0,0
1076,3,0,0,0
231,3,1,0,0
582,3,0,0,0
545,3,0,0,0
1258,3,1,0,0
1103,3,1,0,0
317,3,1,0,0
533,3,1,1,1
1467,3,0,0,0
1163,3,1,0,0
338,3,1,0,0
1124,3,1,0,0
308,3,1,0,0
297,3,0,0,0
445,3,0,0,0
724,3,0,0,0
887,3,0,0,0
660,3,1,0,0
179,3,1,0,0
903,3,0,0,0
94,3,1,1,1
1458,3,0,0,0
1118,3,1,0,0
386,3,0,0,0
1184,3,0,0,0
68,3,1,0,0
1282,3,1,1,1
312,3,0,0,0
335,3,1,1,1
682,3,1,0,0
696,3,0,0,0
977,3,0,0,0
925,3,1,1,0
240,3,1,0,0
39,3,1,0,0
610,3,1,0,0
744,3,0,0,0
473,3,0,0,0
1185,3,1,0,0
463,3,0,0,0
471,3,1,1,0
1232,3,1,0,0
151,3,1,0,0
128,3,1,0,0
567,3,1,1,1
161,3,0,0,0
753,3,1,0,0
1056,3,1,1,0
1024,3,1,0,0
738,3,0,0,0
354,3,0,0,0
528,3,0,0,0
804,3,1,0,0
1078,3,0,0,0
1403,3,0,0,0
1409,3,0,0,0
113,3,1,1,0
205,3,1,0,0
617,3,1,0,0
370,3,1,0,0
15,3,1,0,0
1116,3,0,0,0
108,3,1,0,0
534,3,1,1,0
1151,3,1,0,0
1269,3,1,0,0
655,3,0,0,0
883,3,1,0,0
750,3,0,0,0
690,3,1,1,0
1451,3,1,1,1
1253,3,0,0,0
569,3,0,0,0
677,3,1,1,0
1351,3,0,0,0
122,3,0,0,0
1048,3,0,0,0
588,3,1,0,0
866,3,1,1,0
1062,3,1,0,0
916,3,1,0,0
954,3,0,0,0
164,3,1,0,0
1182,3,1,0,0
609,3,1,0,0
361,3,1,1,1
540,3,1,0,0
77,3,0,0,0
80,3,0,0,0
1407,3,1,0,0
1310,3,1,0,0
411,3,0,0,0
1245,3,1,1,1
1496,3,0,0,0
61,3,0,0,0
1454,3,0,0,0
87,3,1,0,0
560,3,0,0,0
736,3,1,0,0
1196,3,1,0,0
650,3,0,0,0
1227,3,1,0,0
1278,3,0,0,0
1439,3,1,0,0
102,3,1,0,0
34,3,1,0,0
1296,3,1,1,0
1455,3,1,0,0
158,3,1,0,0
995,3,1,0,0
1003,3,1,0,0
459,3,1,0,0
281,3,1,1,0
852,3,1,0,0
461,3,1,0,0
288,3,0,0,0
83,3,1,0,0
694,3,1,0,0
1216,3,0,0,0
766,3,0,0,0
908,3,0,0,0
1230,3,1,0,0
783,3,1,0,0
1463,3,1,0,0
37,3,0,0,0
489,3,1,1,0
1235,3,1,0,0
1213,3,1,0,0
1108,3,0,0,0
244,3,1,0,0
1311,3,1,0,0
631,3,0,0,0
1369,4,0,0,0
1010,4,0,0,0
1034,4,1,0,0
936,4,0,0,0
503,4,0,0,0
384,4,0,0,0
214,4,0,0,0
1249,4,0,0,0
487,4,0,0,0
1017,4,1,0,0
1420,4,1,0,0
564,4,0,0,0
498,4,0,0,0
966,4,0,0,0
102,4,0,0,0
251,4,1,0,0
1031,4,1,0,0
422,4,1,1,1
891,4,0,0,0
773,4,0,0,0
988,4,0,0,0
635,4,1,0,0
403,4,0,0,0
297,4,0,0,0
1412,4,0,0,0
230,4,1,0,0
878,4,0,0,0
8,4,1,0,0
1342,4,0,0,0
1222,4,1,0,0
124,4,0,0,0
1287,4,0,0,0
615,4,0,0,0
774,4,0,0,0
1233,4,0,0,0
686,4,0,0,0
735,4,1,0,0
858,4,0,0,0
78,4,0,0,0
978,4,0,0,0
101,4,0,0,0
1474,4,1,1,1
310,4,0,0,0
44,4,0,0,0
1343,4,0,0,0
439,4,0,0,0
280,4,0,0,0
837,4,0,0,0
1098,4,0,0,0
315,4,0,0,0
577,4,0,0,0
554,4,0,0,0
922,4,0,0,0
1452,4,0,0,0
1314,4,1,1,0
730,4,0,0,0
1360,4,1,1,1
1345,4,0,0,0
77,4,1,1,1
271,4,1,0,0
1255,4,1,0,0
142,4,0,0,0
1500,4,0,0,0
790,4,1,1,1
1041,4,1,0,0
559,4,1,1,0
1361,4,0,0,0
541,4,1,1,1
1023,4,0,0,0
715,4,0,0,0
201,4,0,0,0
652,4,0,0,0
792,4,0,0,0
144,4,1,0,0
975,4,0,0,0
1065,4,0,0,0
689,4,0,0,0
636,4,0,0,0
1004,4,0,0,0
323,4,1,0,0
1495,4,1,0,0
1138,4,1,0,0
719,4,0,0,0
548,4,0,0,0
60,4,0,0,0
870,4,0,0,0
53,4,0,0,0
1021,4,1,0,0
505,4,1,1,1
606,4,0,0,0
740,4,0,0,0
1238,4,1,0,0
266,4,0,0,0
98,4,0,0,0
700,4,0,0,0
1239,4,1,0,0
448,4,1,0,0
256,4,0,0,0
259,4,0,0,0
212,4,1,1,1
193,4,0,0,0
140,4,1,0,0
364,4,1,0,0
485,4,1,1,0
1437,4,0,0,0
1490,4,0,0,0
795,4,1,0,0
887,4,0,0,0
348,4,0,0,0
990,4,0,0,0
1393,4,0,0,0
80,4,1,0,0
1338,4,0,0,0
583,4,1,0,0
417,4,1,0,0
1380,4,0,0,0
157,4,1,1,1
170,4,0,0,0
1213,4,0,0,0
64,4,1,1,1
54,4,1,0,0
932,4,0,0,0
631,4,0,0,0
764,4,0,0,0
942,4,0,0,0
409,4,0,0,0
287,4,0,0,0
1109,4,0,0,0
1095,4,1,1,1
18,4,0,0,0
1282,4,0,0,0
551,4,0,0,0
267,4,0,0,0
317,4,0,0,0
1351,4,1,1,1
1372,4,1,0,0
1007,4,0,0,0
163,4,0,0,0
968,4,0,0,0
461,4,0,0,0
1275,4,0,0,0
1453,4,0,0,0
1003,4,0,0,0
845,4,0,0,0
91,4,0,0,0
451,4,0,0,0
690,4,1,0,0
875,4,0,0,0
174,4,1,0,0
1392,4,1,1,1
1040,4,0,0,0
166,4,0,0,0
1205,4,0,0,0
359,4,0,0,0
873,4,0,0,0
1083,4,1,1,0
1463,4,0,0,0
1478,4,1,1,1
20,4,0,0,0
1028,4,1,1,0
906,4,0,0,0
930,4,0,0,0
306,4,0,0,0
553,4,0,0,0
436,4,0,0,0
694,4,0,0,0
1285,4,1,0,0
751,4,0,0,0
132,4,1,0,0
687,4,1,0,0
822,4,0,0,0
1179,4,1,0,0
1183,4,0,0,0
732,4,0,0,0
1377,4,0,0,0
1054,4,1,0,0
670,4,0,0,0
612,4,1,0,0
974,4,0,0,0
88,4,0,0,0
674,4,1,0,0
11,4,0,0,0
1313,4,0,0,0
514,4,1,0,0
1459,4,0,0,0
697,4,1,0,0
477,4,0,0,0
788,4,1,1,0
1290,4,0,0,0
1303,4,0,0,0
109,4,1,0,0
401,4,0,0,0
557,4,1,0,0
512,4,1,0,0
750,4,0,0,0
146,4,0,0,0
832,4,1,0,0
286,4,0,0,0
1409,4,0,0,0
43,4,0,0,0
805,4,1,0,0
314,4,0,0,0
76,4,0,0,0
621,4,0,0,0
1189,4,0,0,0
291,4,1,0,0
1092,4,0,0,0
1228,4,0,0,0
658,4,0,0,0
1320,4,0,0,0
1330,4,1,1,1
1271,4,0,0,0
1430,4,1,1,0
617,4,0,0,0
1398,4,0,0,0
604,4,0,0,0
282,4,0,0,0
1131,4,1,0,0
720,4,0,0,0
1248,4,0,0,0
488,4,0,0,0
1089,4,0,0,0
556,4,0,0,0
850,4,1,0,0
569,4,1,0,0
634,4,0,0,0
718,4,0,0,0
34,4,0,0,0
1438,4,0,0,0
677,4,0,0,0
1236,4,1,0,0
921,4,0,0,0
104,4,0,0,0
430,4,0,0,0
328,4,1,1,1
500,4,0,0,0
433,4,1,1,0
1170,4,0,0,0
1310,4,0,0,0
1489,4,0,0,0
912,4,0,0,0
890,4,0,0,0
724,4,0,0,0
987,4,0,0,0
888,4,0,0,0
844,4,0,0,0
539,4,1,0,0
176,4,1,0,0
1483,4,1,0,0
1093,4,0,0,0
28,4,0,0,0
1256,4,0,0,0
1280,4,0,0,0
996,4,0,0,0
545,4,1,0,0
1427,4,0,0,0
1177,4,1,0,0
1348,4,0,0,0
1149,4,0,0,0
955,4,0,0,0
1067,4,0,0,0
467,4,0,0,0
924,4,0,0,0
1262,4,0,0,0
233,4,1,0,0
354,4,0,0,0
611,4,1,1,1
468,4,0,0,0
252,4,0,0,0
200,4,0,0,0
265,4,0,0,0
429,4,1,1,0
761,4,0,0,0
1484,4,1,0,0
840,4,0,0,0
1353,4,0,0,0
796,4,0,0,0
1403,4,0,0,0
180,4,1,1,0
300,4,0,0,0
199,4,0,0,0
838,4,1,0,0
57,4,1,1,1
803,4,0,0,0
787,4,1,1,0
1358,4,0,0,0
707,4,0,0,0
708,4,0,0,0
685,4,0,0,0
935,4,1,1,0
1466,4,1,0,0
780,4,0,0,0
1230,4,0,0,0
535,4,0,0,0
1052,4,0,0,0
1217,4,1,0,0
211,4,1,0,0
1389,4,0,0,0
121,4,1,0,0
902,4,1,1,0
456,4,1,1,0
226,4,0,0,0
742,4,1,0,0
387,4,0,0,0
836,4,1,1,0
765,4,0,0,0
880,4,0,0,0
663,4,1,0,0
1279,4,0,0,0
826,4,1,1,0
97,4,0,0,0
1352,4,0,0,0
1191,4,0,0,0
1454,4,0,0,0
948,4,0,0,0
19,4,1,1,0
94,4,0,0,0
947,4,0,0,0
1212,4,0,0,0
1451,4,0,0,0
1422,4,1,0,0
2,4,0,0,0
579,4,1,1,0
622,4,0,0,0
82,4,1,1,0
903,4,0,0,0
404,4,0,0,0
189,4,0,0,0
23,4,0,0,0
357,4,1,0,0
472,4,1,0,0
126,4,1,0,0
1475,4,1,0,0
1051,4,1,1,1
642,4,0,0,0
920,4,0,0,0
571,4,0,0,0
857,4,0,0,0
309,4,0,0,0
261,4,0,0,0
445,4,0,0,0
1035,4,0,0,0
425,4,1,0,0
769,4,1,0,0
355,4,1,0,0
1471,4,1,0,0
1349,4,0,0,0
915,4,0,0,0
344,4,1,0,0
1176,4,0,0,0
147,4,0,0,0
1129,4,1,0,0
1148,4,0,0,0
1270,4,1,1,0
749,4,0,0,0
391,4,1,0,0
1469,4,1,0,0
695,4,0,0,0
682,4,1,0,0
738,4,0,0,0
993,4,0,0,0
550,4,1,1,0
1318,4,1,0,0
1219,4,1,0,0
811,4,1,0,0
1476,4,0,0,0
1269,4,1,0,0
517,4,0,0,0
1142,4,1,0,0
1415,4,0,0,0
791,4,1,1,0
933,4,0,0,0
1215,4,0,0,0
167,4,1,0,0
1328,4,1,0,0
1340,4,1,0,0
143,4,0,0,0
812,4,0,0,0
462,4,0,0,0
855,4,0,0,0
775,4,0,0,0
879,4,0,0,0
964,4,1,0,0
1072,4,0,0,0
632,4,1,1,1
651,4,1,0,0
248,4,0,0,0
714,4,0,0,0
1423,4,1,0,0
1261,4,0,0,0
723,4,0,0,0
26,4,1,0,0
1333,4,0,0,0
1447,4,0,0,0
1159,4,0,0,0
854,4,1,0,0
1433,4,0,0,0
729,4,0,0,0
958,4,0,0,0
660,4,0,0,0
929,4,0,0,0
625,4,1,1,0
1384,4,0,0,0
659,4,0,0,0
818,4,0,0,0
817,4,1,0,0
1243,4,0,0,0
681,4,0,0,0
431,4,0,0,0
1182,4,0,0,0
643,4,0,0,0
1441,4,0,0,0
1418,4,1,0,0
224,4,0,0,0
883,4,0,0,0
277,4,0,0,0
825,4,0,0,0
321,4,0,0,0
65,4,1,1,0
734,4,0,0,0
313,4,1,0,0
232,4,0,0,0
371,4,1,0,0
385,4,1,0,0
1442,4,0,0,0
523,4,0,0,0
6,4,0,0,0
312,4,1,0,0
127,4,0,0,0
413,4,0,0,0
1106,4,0,0,0
965,4,0,0,0
281,4,0,0,0
336,4,1,0,0
820,4,0,0,0
706,4,0,0,0
1481,4,0,0,0
768,4,1,0,0
1160,4,0,0,0
322,4,0,0,0
1224,4,0,0,0
709,4,0,0,0
1172,4,1,0,0
334,4,0,0,0
324,4,0,0,0
1080,4,0,0,0
139,4,0,0,0
913,4,0,0,0
1029,4,0,0,0
1432,4,0,0,0
668,4,1,1,0
1157,4,1,0,0
1009,4,0,0,0
396,4,0,0,0
41,4,1,1,0
1401,4,1,0,0
1117,4,1,0,0
1143,4,0,0,0
1002,4,1,1,0
1479,4,0,0,0
1150,4,1,0,0
1339,4,1,1,0
531,4,0,0,0
1493,4,0,0,0
524,4,1,1,0
184,4,1,0,0
1231,4,1,0,0
568,4,1,1,0
338,4,0,0,0
756,4,1,0,0
628,4,1,0,0
1225,4,0,0,0
590,4,1,0,0
540,4,0,0,0
441,4,0,0,0
716,4,0,0,0
829,4,1,1,0
957,4,0,0,0
122,4,0,0,0
1126,4,0,0,0
1154,4,1,1,0
10,4,0,0,0
73,4,0,0,0
1039,4,0,0,0
243,4,0,0,0
1096,4,0,0,0
3,4,0,0,0
442,4,1,0,0
414,4,1,1,0
755,4,1,1,1
1406,4,1,0,0
1166,4,1,0,0
648,4,0,0,0
307,4,0,0,0
698,4,0,0,0
1317,4,0,0,0
386,4,1,0,0
137,4,0,0,0
493,4,0,0,0
1069,4,0,0,0
247,4,1,0,0
81,4,1,0,0
1488,4,0,0,0
245,4,0,0,0
608,4,0,0,0
5,4,0,0,0
93,4,0,0,0
237,4,1,0,0
830,4,0,0,0
733,4,0,0,0
613,4,0,0,0
235,4,0,0,0
560,4,0,0,0
1073,4,1,0,0
241,4,0,0,0
712,4,0,0,0
1195,4,0,0,0
1383,4,0,0,0
1171,4,0,0,0
737,4,0,0,0
343,4,0,0,0
29,4,0,0,0
532,4,1,1,0
572,4,1,0,0
49,4,1,1,0
293,4,0,0,0
437,4,1,1,1
662,4,0,0,0
767,4,1,0,0
860,4,0,0,0
383,4,0,0,0
885,4,1,0,0
218,4,0,0,0
499,4,0,0,0
59,4,0,0,0
619,4,0,0,0
1111,4,1,0,0
510,4,0,0,0
995,4,0,0,0
576,4,0,0,0
1378,4,0,0,0
984,4,1,1,0
1376,4,0,0,0
272,4,0,0,0
951,4,0,0,0
164,4,0,0,0
61,4,1,0,0
980,4,1,0,0
1151,4,0,0,0
370,4,0,0,0
1395,4,0,0,0
242,4,1,1,0
696,4,0,0,0
47,4,0,0,0
680,4,0,0,0
520,4,0,0,0
494,5,0,0,0
153,5,0,0,0
210,5,0,0,0
935,5,1,1,1
292,5,0,0,0
110,5,1,0,0
1181,5,1,0,0
910,5,1,0,0
517,5,1,1,0
739,5,0,0,0
887,5,1,1,0
1137,5,1,0,0
996,5,0,0,0
658,5,1,0,0
359,5,0,0,0
341,5,0,0,0
1370,5,1,0,0
342,5,1,0,0
1457,5,0,0,0
169,5,1,0,0
1156,5,0,0,0
961,5,0,0,0
1109,5,0,0,0
1375,5,1,1,0
1318,5,1,0,0
776,5,0,0,0
396,5,0,0,0
715,5,0,0,0
207,5,0,0,0
1066,5,0,0,0
439,5,0,0,0
72,5,1,0,0
194,5,1,0,0
27,5,1,0,0
1083,5,0,0,0
298,5,0,0,0
1165,5,0,0,0
710,5,1,0,0
1399,5,0,0,0
588,5,1,0,0
488,5,1,0,0
93,5,1,1,0
26,5,1,1,0
829,5,1,0,0
303,5,0,0,0
611,5,0,0,0
131,5,0,0,0
716,5,1,1,0
963,5,0,0,0
1001,5,1,0,0
630,5,0,0,0
899,5,0,0,0
903,5,0,0,0
551,5,1,0,0
552,5,1,0,0
1009,5,0,0,0
557,5,0,0,0
680,5,1,0,0
637,5,0,0,0
923,5,0,0,0
849,5,0,0,0
896,5,1,0,0
707,5,0,0,0
180,5,0,0,0
105,5,1,1,0
191,5,0,0,0
357,5,1,1,0
386,5,1,0,0
1081,5,0,0,0
193,5,0,0,0
1268,5,1,0,0
352,5,1,0,0
797,5,1,0,0
856,5,0,0,0
890,5,0,0,0
732,5,0,0,0
1416,5,0,0,0
1171,5,0,0,0
22,5,0,0,0
1471,5,0,0,0
315,5,1,0,0
92,5,1,1,1
714,5,1,0,0
574,5,0,0,0
651,5,0,0,0
156,5,0,0,0
1477,5,0,0,0
848,5,0,0,0
900,5,1,0,0
510,5,0,0,0
577,5,0,0,0
807,5,0,0,0
1406,5,0,0,0
695,5,1,0,0
841,5,0,0,0
452,5,0,0,0
329,5,0,0,0
1490,5,1,0,0
1300,5,0,0,0
300,5,0,0,0
705,5,0,0,0
719,5,1,1,0
76,5,1,0,0
1168,5,0,0,0
850,5,1,0,0
1491,5,0,0,0
1088,5,1,1,0
920,5,0,0,0
288,5,0,0,0
541,5,0,0,0
1005,5,0,0,0
35,5,0,0,0
1110,5,0,0,0
1434,5,0,0,0
566,5,1,0,0
1230,5,0,0,0
1271,5,0,0,0
1074,5,0,0,0
643,5,1,0,0
768,5,1,0,0
51,5,0,0,0
314,5,0,0,0
1129,5,0,0,0
340,5,0,0,0
1363,5,1,0,0
1348,5,0,0,0
1140,5,0,0,0
718,5,1,0,0
323,5,1,0,0
1310,5,1,0,0
1260,5,0,0,0
932,5,1,0,0
502,5,0,0,0
1186,5,1,0,0
370,5,1,1,1
985,5,0,0,0
990,5,0,0,0
1353,5,0,0,0
1263,5,0,0,0
629,5,1,0,0
454,5,1,0,0
937,5,1,1,0
1463,5,0,0,0
613,5,1,0,0
1275,5,1,0,0
470,5,0,0,0
631,5,1,1,1
1252,5,1,1,0
373,5,0,0,0
994,5,1,0,0
327,5,0,0,0
765,5,0,0,0
1199,5,0,0,0
1388,5,0,0,0
1486,5,0,0,0
12,5,1,1,0
953,5,1,0,0
808,5,1,0,0
1064,5,1,0,0
225,5,0,0,0
1369,5,1,1,0
344,5,1,0,0
198,5,1,0,0
636,5,0,0,0
1440,5,0,0,0
973,5,0,0,0
335,5,0,0,0
490,5,0,0,0
326,5,0,0,0
788,5,1,1,0
659,5,0,0,0
307,5,1,1,0
217,5,0,0,0
1487,5,1,0,0
148,5,0,0,0
246,5,0,0,0
464,5,0,0,0
777,5,1,0,0
102,5,0,0,0
1032,5,0,0,0
1311,5,1,0,0
404,5,1,1,0
183,5,0,0,0
471,5,0,0,0
6,5,0,0,0
129,5,0,0,0
1050,5,0,0,0
609,5,0,0,0
108,5,1,0,0
85,5,0,0,0
478,5,1,0,0
610,5,0,0,0
1308,5,1,0,0
152,5,0,0,0
1076,5,1,1,0
1405,5,0,0,0
1093,5,0,0,0
1390,5,0,0,0
790,5,0,0,0
157,5,0,0,0
1257,5,1,1,0
1343,5,0,0,0
475,5,0,0,0
1208,5,0,0,0
1017,5,0,0,0
536,5,0,0,0
1053,5,0,0,0
927,5,0,0,0
116,5,0,0,0
487,5,0,0,0
838,5,1,0,0
84,5,0,0,0
735,5,1,0,0
786,5,0,0,0
1057,5,1,0,0
1484,5,1,1,0
830,5,0,0,0
433,5,0,0,0
1313,5,0,0,0
1281,5,0,0,0
159,5,1,1,0
202,5,1,0,0
54,5,0,0,0
1122,5,0,0,0
781,5,1,0,0
1112,5,0,0,0
607,5,1,0,0
770,5,0,0,0
13,5,0,0,0
809,5,1,1,0
16,5,1,1,0
881,5,1,0,0
1197,5,1,0,0
779,5,0,0,0
866,5,0,0,0
275,5,0,0,0
919,5,0,0,0
724,5,0,0,0
1095,5,0,0,0
530,5,0,0,0
410,5,0,0,0
1476,5,0,0,0
409,5,0,0,0
1021,5,0,0,0
74,5,1,1,1
1374,5,1,1,0
865,5,0,0,0
224,5,0,0,0
142,5,1,0,0
267,5,0,0,0
774,5,1,0,0
606,5,0,0,0
312,5,0,0,0
175,5,1,0,0
429,5,0,0,0
1213,5,0,0,0
99,5,0,0,0
1132,5,0,0,0
1401,5,0,0,0
1454,5,1,0,0
944,5,1,0,0
1068,5,0,0,0
1027,5,1,0,0
579,5,0,0,0
784,5,1,0,0
1033,5,1,0,0
1403,5,1,0,0
568,5,0,0,0
248,5,0,0,0
1459,5,1,0,0
285,5,0,0,0
244,5,1,0,0
586,5,1,0,0
1243,5,0,0,0
526,5,0,0,0
1380,5,0,0,0
124,5,0,0,0
823,5,1,0,0
154,5,0,0,0
485,5,0,0,0
349,5,0,0,0
578,5,1,0,0
219,5,1,1,0
384,5,1,1,0
1408,5,1,1,1
115,5,1,0,0
533,5,0,0,0
122,5,0,0,0
547,5,0,0,0
598,5,1,1,0
304,5,0,0,0
306,5,0,0,0
738,5,0,0,0
970,5,1,1,0
677,5,1,0,0
1344,5,0,0,0
1155,5,0,0,0
1426,5,0,0,0
281,5,0,0,0
62,5,0,0,0
1151,5,0,0,0
398,5,1,0,0
457,5,0,0,0
199,5,1,0,0
1379,5,1,0,0
921,5,0,0,0
1412,5,1,1,0
939,5,0,0,0
1336,5,0,0,0
1421,5,1,0,0
1345,5,0,0,0
1196,5,1,1,0
310,5,1,0,0
938,5,1,0,0
337,5,0,0,0
434,5,1,0,0
137,5,1,0,0
1352,5,1,0,0
639,5,0,0,0
936,5,0,0,0
155,5,0,0,0
442,5,0,0,0
851,5,1,0,0
389,5,0,0,0
448,5,0,0,0
34,5,1,0,0
612,5,0,0,0
1276,5,0,0,0
690,5,1,0,0
39,5,0,0,0
548,5,0,0,0
1038,5,0,0,0
967,5,1,1,1
1162,5,0,0,0
941,5,0,0,0
484,5,1,0,0
825,5,0,0,0
840,5,1,1,0
441,5,1,0,0
846,5,0,0,0
1229,5,0,0,0
618,5,0,0,0
147,5,0,0,0
646,5,0,0,0
338,5,0,0,0
311,5,0,0,0
879,5,1,0,0
989,5,0,0,0
1173,5,0,0,0
68,5,1,1,0
114,5,1,0,0
1384,5,0,0,0
1446,5,0,0,0
567,5,1,1,1
151,5,1,0,0
474,5,0,0,0
929,5,1,1,1
140,5,0,0,0
504,5,0,0,0
1447,5,0,0,0
532,5,0,0,0
1126,5,0,0,0
745,5,0,0,0
1086,5,1,0,0
1073,5,1,0,0
1011,5,1,0,0
1179,5,1,0,0
1422,5,1,0,0
539,5,0,0,0
549,5,1,0,0
901,5,0,0,0
171,5,1,0,0
1289,5,0,0,0
455,5,0,0,0
1226,5,1,0,0
1473,5,0,0,0
231,5,0,0,0
1061,5,0,0,0
1495,5,1,1,0
1248,5,0,0,0
873,5,0,0,0
965,5,1,0,0
164,5,1,0,0
7,5,0,0,0
529,5,0,0,0
138,5,1,0,0
286,5,0,0,0
377,5,0,0,0
1004,5,1,0,0
1305,5,1,0,0
493,5,1,1,1
969,5,1,1,0
308,5,1,0,0
405,5,1,0,0
828,5,0,0,0
1367,5,1,0,0
789,5,1,0,0
605,5,0,0,0
696,5,1,1,1
15,5,1,0,0
1396,5,0,0,0
619,5,1,1,1
479,5,1,0,0
461,5,1,0,0
55,5,1,1,0
204,5,0,0,0
119,5,0,0,0
445,5,0,0,0
1037,5,0,0,0
376,5,1,0,0
1277,5,0,0,0
1022,5,1,0,0
757,5,1,1,0
313,5,0,0,0
1002,5,0,0,0
321,5,1,0,0
495,5,0,0,0
857,5,1,0,0
883,5,0,0,0
145,5,0,0,0
243,5,1,1,0
893,5,0,0,0
1340,5,0,0,0
1227,5,1,0,0
682,5,0,0,0
1323,5,1,0,0
113,5,0,0,0
1131,5,1,1,0
319,5,0,0,0
644,5,0,0,0
981,5,1,1,0
1046,5,0,0,0
1059,5,1,0,0
1398,5,1,1,0
477,5,1,0,0
756,5,0,0,0
570,5,0,0,0
952,5,0,0,0
1193,5,0,0,0
1261,5,0,0,0
596,5,0,0,0
679,5,0,0,0
440,5,0,0,0
817,5,0,0,0
56,5,1,0,0
905,5,0,0,0
675,5,0,0,0
1007,5,1,0,0
633,5,0,0,0
208,5,1,0,0
1451,5,1,1,0
1224,5,0,0,0
425,5,0,0,0
872,5,0,0,0
282,5,1,1,1
780,5,1,0,0
196,5,0,0,0
134,5,1,1,0
228,5,1,0,0
1371,5,0,0,0
1153,5,1,1,0
1386,5,1,1,1
94,5,0,0,0
336,5,0,0,0
350,5,1,0,0
365,5,0,0,0
346,5,0,0,0
1008,5,1,0,0
328,5,0,0,0
534,5,1,1,1
767,5,1,0,0
206,5,0,0,0
1272,5,0,0,0
1099,5,1,0,0
1251,5,0,0,0
406,5,0,0,0
728,5,0,0,0
882,5,1,0,0
1163,5,0,0,0
271,5,0,0,0
209,5,0,0,0
698,5,1,1,0
1394,5,0,0,0
1286,5,0,0,0
508,5,1,0,0
1203,5,0,0,0
1350,5,0,0,0
431,5,1,1,0
37,5,0,0,0
1174,5,0,0,0
782,5,0,0,0
934,5,0,0,0
1433,5,1,1,1
753,5,1,0,0
813,5,0,0,0
1443,5,1,0,0
19,6,1,1,0
987,6,0,0,0
653,6,0,0,0
894,6,0,0,0
297,6,1,1,1
564,6,0,0,0
1035,6,0,0,0
402,6,0,0,0
20,6,1,0,0
60,6,0,0,0
1191,6,0,0,0
676,6,0,0,0
1274,6,0,0,0
825,6,0,0,0
263,6,1,1,1
701,6,0,0,0
453,6,0,0,0
1438,6,1,0,0
318,6,0,0,0
1354,6,0,0,0
874,6,0,0,0
313,6,0,0,0
1300,6,0,0,0
171,6,0,0,0
892,6,0,0,0
467,6,0,0,0
422,6,1,0,0
1103,6,0,0,0
190,6,0,0,0
260,6,0,0,0
322,6,0,0,0
1136,6,0,0,0
1138,6,1,0,0
203,6,1,1,0
1335,6,1,0,0
1476,6,0,0,0
127,6,0,0,0
1147,6,1,0,0
955,6,0,0,0
1279,6,0,0,0
937,6,0,0,0
192,6,1,0,0
1372,6,0,0,0
321,6,1,0,0
432,6,0,0,0
963,6,1,0,0
329,6,1,0,0
267,6,0,0,0
372,6,0,0,0
1356,6,0,0,0
848,6,1,1,1
1314,6,0,0,0
97,6,0,0,0
952,6,0,0,0
1303,6,1,0,0
853,6,0,0,0
1185,6,0,0,0
738,6,0,0,0
1077,6,1,1,0
550,6,0,0,0
1425,6,1,1,0
978,6,0,0,0
787,6,1,0,0
462,6,0,0,0
100,6,0,0,0
459,6,0,0,0
1494,6,1,0,0
222,6,0,0,0
1003,6,0,0,0
1233,6,0,0,0
484,6,0,0,0
521,6,0,0,0
763,6,0,0,0
254,6,1,1,0
314,6,0,0,0
490,6,0,0,0
1208,6,0,0,0
1253,6,0,0,0
1499,6,0,0,0
598,6,0,0,0
45,6,0,0,0
1172,6,0,0,0
1114,6,0,0,0
699,6,0,0,0
661,6,0,0,0
799,6,0,0,0
387,6,1,1,0
218,6,0,0,0
1410,6,0,0,0
641,6,1,0,0
1221,6,0,0,0
15,6,0,0,0
1063,6,1,0,0
1298,6,0,0,0
518,6,1,1,0
544,6,0,0,0
611,6,0,0,0
971,6,0,0,0
610,6,0,0,0
440,6,0,0,0
1139,6,1,1,0
1078,6,1,0,0
645,6,0,0,0
832,6,0,0,0
1302,6,0,0,0
1217,6,0,0,0
1397,6,0,0,0
969,6,1,1,0
22,6,1,0,0
1471,6,0,0,0
92,6,0,0,0
709,6,1,0,0
773,6,1,0,0
463,6,1,0,0
429,6,1,1,0
594,6,1,0,0
896,6,1,1,0
654,6,1,0,0
708,6,0,0,0
413,6,1,1,0
1389,6,0,0,0
1377,6,0,0,0
1085,6,0,0,0
731,6,0,0,0
470,6,1,0,0
175,6,0,0,0
864,6,0,0,0
615,6,0,0,0
1000,6,0,0,0
822,6,0,0,0
1429,6,0,0,0
1399,6,1,1,0
577,6,0,0,0
1239,6,1,0,0
1455,6,0,0,0
343,6,1,1,0
1124,6,0,0,0
1375,6,0,0,0
1120,6,0,0,0
753,6,0,0,0
367,6,1,0,0
1201,6,0,0,0
552,6,0,0,0
1337,6,1,1,0
954,6,0,0,0
663,6,0,0,0
1203,6,0,0,0
711,6,0,0,0
296,6,0,0,0
1493,6,0,0,0
806,6,0,0,0
135,6,0,0,0
163,6,1,1,0
353,6,0,0,0
75,6,0,0,0
679,6,0,0,0
115,6,0,0,0
2,6,0,0,0
855,6,0,0,0
835,6,1,0,0
242,6,0,0,0
137,6,0,0,0
587,6,0,0,0
974,6,1,0,0
196,6,0,0,0
520,6,0,0,0
384,6,0,0,0
248,6,0,0,0
1498,6,0,0,0
1242,6,1,0,0
1317,6,0,0,0
1053,6,0,0,0
1165,6,0,0,0
1036,6,0,0,0
271,6,0,0,0
122,6,1,0,0
475,6,1,1,0
213,6,1,0,0
1072,6,0,0,0
684,6,0,0,0
975,6,0,0,0
603,6,0,0,0
647,6,0,0,0
593,6,0,0,0
1378,6,1,0,0
1044,6,0,0,0
1350,6,0,0,0
424,6,0,0,0
547,6,0,0,0
128,6,0,0,0
857,6,0,0,0
1477,6,0,0,0
272,6,1,1,1
73,6,0,0,0
909,6,0,0,0
306,6,1,0,0
669,6,0,0,0
1229,6,0,0,0
1090,6,1,0,0
828,6,0,0,0
662,6,0,0,0
252,6,0,0,0
1011,6,0,0,0
1177,6,0,0,0
1170,6,0,0,0
534,6,1,1,1
991,6,0,0,0
1459,6,0,0,0
765,6,0,0,0
1481,6,0,0,0
1414,6,0,0,0
712,6,0,0,0
899,6,1,1,0
930,6,0,0,0
1056,6,0,0,0
1116,6,0,0,0
1075,6,0,0,0
608,6,0,0,0
996,6,0,0,0
695,6,1,0,0
1395,6,0,0,0
506,6,0,0,0
1148,6,1,0,0
722,6,0,0,0
895,6,0,0,0
800,6,1,1,0
158,6,0,0,0
64,6,1,1,1
1069,6,0,0,0
1012,6,0,0,0
236,6,0,0,0
366,6,0,0,0
331,6,0,0,0
1107,6,0,0,0
195,6,0,0,0
659,6,0,0,0
1433,6,0,0,0
906,6,0,0,0
1431,6,1,1,0
109,6,0,0,0
99,6,1,0,0
1154,6,0,0,0
1473,6,0,0,0
680,6,1,1,0
1189,6,0,0,0
793,6,1,0,0
970,6,0,0,0
986,6,0,0,0
43,6,0,0,0
814,6,0,0,0
1102,6,0,0,0
916,6,1,1,1
460,6,1,0,0
1105,6,0,0,0
13,6,0,0,0
1364,6,0,0,0
273,6,0,0,0
1111,6,1,1,1
1466,6,0,0,0
546,6,1,0,0
90,6,0,0,0
421,6,1,1,0
1196,6,0,0,0
792,6,0,0,0
827,6,0,0,0
517,6,0,0,0
435,6,0,0,0
1479,6,0,0,0
584,6,0,0,0
939,6,0,0,0
1305,6,0,0,0
572,6,0,0,0
1173,6,0,0,0
1026,6,1,0,0
860,6,0,0,0
1024,6,0,0,0
665,6,1,0,0
533,6,1,1,0
212,6,0,0,0
368,6,0,0,0
1385,6,0,0,0
499,6,0,0,0
1187,6,0,0,0
817,6,0,0,0
51,6,1,0,0
138,6,0,0,0
30,6,0,0,0
859,6,0,0,0
119,6,0,0,0
286,6,1,0,0
93,6,1,1,0
590,6,0,0,0
607,6,1,0,0
1038,6,0,0,0
614,6,0,0,0
317,6,0,0,0
922,6,0,0,0
1288,6,0,0,0
377,6,0,0,0
1344,6,0,0,0
1230,6,0,0,0
423,6,0,0,0
898,6,1,1,0
159,6,0,0,0
743,6,0,0,0
548,6,0,0,0
160,6,0,0,0
1490,6,0,0,0
221,6,0,0,0
1384,6,0,0,0
324,6,1,1,0
1188,6,0,0,0
1218,6,0,0,0
1153,6,1,1,0
1076,6,0,0,0
764,6,0,0,0
990,6,0,0,0
10,6,0,0,0
768,6,0,0,0
21,6,0,0,0
581,6,0,0,0
583,6,0,0,0
363,6,0,0,0
442,6,0,0,0
172,6,1,0,0
1444,6,0,0,0
510,6,1,0,0
1398,6,1,0,0
1318,6,0,0,0
147,6,1,0,0
207,6,0,0,0
182,6,0,0,0
204,6,0,0,0
1336,6,0,0,0
643,6,0,0,0
962,6,0,0,0
1052,6,1,0,0
41,6,1,0,0
1348,6,0,0,0
988,6,1,0,0
26,6,1,0,0
1248,6,0,0,0
200,6,0,0,0
1299,6,0,0,0
1031,6,0,0,0
1381,6,0,0,0
1122,6,0,0,0
509,6,0,0,0
25,6,0,0,0
931,6,0,0,0
243,6,0,0,0
1340,6,0,0,0
65,6,0,0,0
993,6,0,0,0
1310,6,1,0,0
382,6,0,0,0
1212,6,0,0,0
704,6,0,0,0
338,6,0,0,0
292,6,0,0,0
716,6,0,0,0
1329,6,0,0,0
187,6,1,0,0
339,6,0,0,0
1277,6,0,0,0
604,6,1,1,1
359,6,1,0,0
427,6,0,0,0
1491,6,0,0,0
1373,6,0,0,0
873,6,0,0,0
1228,6,0,0,0
361,6,0,0,0
307,6,0,0,0
1182,6,0,0,0
231,6,0,0,0
843,6,1,0,0
370,6,0,0,0
70,6,0,0,0
884,6,0,0,0
780,6,0,0,0
846,6,1,1,1
1311,6,0,0,0
718,6,0,0,0
890,6,1,0,0
450,6,1,1,0
88,6,1,0,0
1428,6,1,1,0
295,6,0,0,0
999,6,1,0,0
588,6,0,0,0
290,6,0,0,0
612,6,1,0,0
1115,6,0,0,0
1478,6,1,0,0
1439,6,0,0,0
1043,6,0,0,0
1408,6,0,0,0
1412,6,0,0,0
374,6,0,0,0
178,6,0,0,0
1368,6,0,0,0
1405,6,0,0,0
1380,6,0,0,0
312,6,0,0,0
104,6,0,0,0
58,6,1,0,0
1108,6,0,0,0
488,6,0,0,0
437,6,0,0,0
624,6,0,0,0
1467,6,1,0,0
636,6,1,0,0
783,6,0,0,0
14,6,1,0,0
337,6,0,0,0
105,6,0,0,0
1355,6,0,0,0
980,6,1,1,0
737,6,0,0,0
257,6,0,0,0
720,6,1,0,0
246,6,0,0,0
189,6,0,0,0
1029,6,1,0,0
820,6,1,1,0
89,6,0,0,0
1109,6,0,0,0
635,6,0,0,0
1392,6,0,0,0
350,6,0,0,0
1028,6,0,0,0
278,6,0,0,0
235,6,1,1,0
303,6,0,0,0
736,6,1,0,0
1411,6,0,0,0
474,6,0,0,0
913,6,1,0,0
1067,6,0,0,0
320,6,0,0,0
101,6,1,1,0
921,6,0,0,0
1349,6,0,0,0
769,6,0,0,0
388,6,0,0,0
1125,6,1,0,0
1126,6,1,0,0
1309,6,0,0,0
1194,6,0,0,0
751,6,1,1,0
1404,6,0,0,0
229,6,0,0,0
757,6,0,0,0
1132,6,0,0,0
129,6,0,0,0
3,6,1,0,0
279,6,0,0,0
621,6,0,0,0
655,6,0,0,0
1448,6,1,1,1
842,6,0,0,0
341,6,0,0,0
1269,6,0,0,0
1071,6,1,1,1
528,6,0,0,0
1206,6,1,1,0
398,6,0,0,0
512,6,0,0,0
1209,6,1,0,0
85,6,0,0,0
406,6,1,1,0
7,6,0,0,0
706,6,1,1,0
1119,6,1,0,0
838,6,0,0,0
416,6,0,0,0
77,6,0,0,0
1025,6,1,1,0
1427,6,0,0,0
982,6,0,0,0
177,6,0,0,0
407,6,0,0,0
586,6,0,0,0
602,6,0,0,0
294,6,0,0,0
1060,6,0,0,0
32,6,1,0,0
1369,6,0,0,0
748,6,1,0,0
116,6,0,0,0
165,6,0,0,0
390,6,1,0,0
328,6,1,0,0
1059,6,1,0,0
1352,6,0,0,0
992,6,0,0,0
979,6,0,0,0
493,6,0,0,0
1440,6,1,1,0
504,6,1,0,0
154,6,0,0,0
404,6,1,0,0
543,6,0,0,0
1442,6,1,0,0
694,6,0,0,0
902,6,0,0,0
689,6,0,0,0
347,6,0,0,0
977,6,1,0,0
380,6,0,0,0
1211,6,0,0,0
215,6,0,0,0
1313,6,0,0,0
1421,6,0,0,0
492,6,0,0,0
405,6,0,0,0
580,6,0,0,0
633,6,0,0,0
648,6,0,0,0
1093,6,0,0,0
889,6,0,0,0
1086,6,1,1,0
538,6,0,0,0
68,6,1,0,0
776,6,0,0,0
410,6,1,1,0
1423,6,1,0,0
121,6,0,0,0
507,6,0,0,0
396,6,0,0,0
888,6,0,0,0
245,6,0,0,0
651,6,0,0,0
1432,6,0,0,0
1068,6,0,0,0
1358,6,0,0,0
630,6,0,0,0
288,6,0,0,0
1447,6,1,1,0
1065,6,0,0,0
879,6,0,0,0
16,6,0,0,0
28,6,1,0,0
719,6,1,0,0
1186,6,0,0,0
1323,6,0,0,0
1359,6,0,0,0
82,6,1,0,0
477,6,1,1,1
362,6,0,0,0
851,6,1,0,0
707,6,0,0,0
1157,6,0,0,0
1458,6,1,1,0
1039,6,0,0,0
291,6,1,0,0
914,6,0,0,0
839,6,0,0,0
365,6,0,0,0
717,6,0,0,0
29,6,0,0,0
567,6,0,0,0
557,6,0,0,0
293,6,0,0,0
754,6,0,0,0
749,6,0,0,0
61,6,1,1,0
675,6,0,0,0
535,6,0,0,0
620,6,0,0,0
1383,6,0,0,0
500,6,1,0,0
4,6,0,0,0
1319,6,0,0,0
1286,6,0,0,0
466,6,1,0,0
872,6,0,0,0
981,6,1,0,0
253,6,0,0,0
468,6,0,0,0
1049,6,0,0,0
1449,6,0,0,0
256,6,0,0,0
188,6,1,1,1
973,6,0,0,0
125,6,0,0,0
829,6,0,0,0
430,6,0,0,0
1151,6,1,0,0
1005,6,0,0,0
919,6,0,0,0
545,6,0,0,0
1487,6,0,0,0
319,6,0,0,0
667,6,0,0,0
1055,6,0,0,0
269,6,0,0,0
775,6,0,0,0
1048,6,0,0,0
967,6,1,1,0
401,6,1,1,0
489,6,1,0,0
690,6,0,0,0
826,6,0,0,0
436,6,1,1,0
1294,6,0,0,0
845,6,0,0,0
852,6,1,0,0
766,6,1,0,0
957,6,0,0,0
1237,6,0,0,0
1022,6,0,0,0
811,6,0,0,0
140,6,0,0,0
823,6,0,0,0
126,6,0,0,0
747,6,0,0,0
251,6,0,0,0
713,6,0,0,0
224,6,0,0,0
618,6,0,0,0
1484,6,1,0,0
167,6,1,0,0
1123,6,0,0,0
1009,6,0,0,0
1338,6,0,0,0
1096,6,0,0,0
869,6,0,0,0
1390,6,0,0,0
40,6,0,0,0
364,6,0,0,0
298,6,1,0,0
458,6,0,0,0
1073,6,0,0,0
478,6,0,0,0
660,6,0,0,0
1406,6,0,0,0
885,6,0,0,0
752,6,0,0,0
250,6,0,0,0
1066,6,1,0,0
287,6,1,1,1
376,6,1,0,0
945,6,0,0,0
1353,6,0,0,0
1225,6,0,0,0
386,6,0,0,0
481,6,0,0,0
78,6,0,0,0
205,6,0,0,0
1092,6,0,0,0
49,6,1,1,0
1315,6,0,0,0
1018,6,1,1,1
1312,6,0,0,0
1195,6,0,0,0
637,6,0,0,0
408,6,1,0,0
300,6,1,0,0
693,6,1,0,0
903,6,0,0,0
411,6,0,0,0
1500,6,0,0,0
1198,6,0,0,0
1304,6,1,0,0
219,6,0,0,0
1058,6,0,0,0
1409,6,0,0,0
789,6,0,0,0
1146,6,0,0,0
487,6,1,0,0
469,6,1,0,0
1415,6,0,0,0
644,6,1,0,0
237,6,0,0,0
998,6,0,0,0
1167,6,1,0,0
682,6,0,0,0
795,6,0,0,0
1159,6,0,0,0
784,6,1,0,0
725,6,0,0,0
599,6,0,0,0
1057,6,1,0,0
444,6,0,0,0
486,6,0,0,0
951,6,0,0,0
1366,6,0,0,0
758,6,0,0,0
1271,6,1,0,0
984,6,0,0,0
836,6,0,0,0
1446,6,1,0,0
417,6,0,0,0
794,6,1,0,0
652,6,0,0,0
938,6,1,0,0
808,6,0,0,0
301,6,0,0,0
1023,6,1,0,0
600,6,0,0,0
91,6,0,0,0
537,6,0,0,0
1407,6,0,0,0
1176,6,1,0,0
12,6,0,0,0
1483,6,0,0,0
702,6,0,0,0
31,6,0,0,0
491,6,0,0,0
1149,6,0,0,0
866,6,0,0,0
657,6,1,1,0
285,6,0,0,0
762,6,0,0,0
357,6,0,0,0
305,6,0,0,0
840,6,0,0,0
514,6,0,0,0
1475,6,1,0,0
948,6,0,0,0
1472,6,0,0,0
1290,6,1,1,0
123,6,0,0,0
698,6,0,0,0
1193,6,0,0,0
1215,6,0,0,0
1285,6,0,0,0
1106,6,0,0,0
81,6,1,0,0
666,6,0,0,0
1456,6,0,0,0
327,6,0,0,0
649,6,1,0,0
1142,6,0,0,0
1342,6,0,0,0
1332,6,0,0,0
887,6,0,0,0
1263,6,0,0,0
1088,6,0,0,0
1400,6,0,0,0
1150,6,0,0,0
50,6,1,1,0
541,6,1,1,0
304,6,1,1,0
526,6,0,0,0
150,6,0,0,0
791,6,0,0,0
634,6,0,0,0
131,6,0,0,0
201,6,0,0,0
1083,6,0,0,0
24,6,0,0,0
542,6,0,0,0
639,6,0,0,0
249,6,1,0,0
609,6,1,0,0
346,6,0,0,0
818,6,0,0,0
871,6,1,0,0
1019,6,1,0,0
1275,6,0,0,0
968,6,1,0,0
1110,6,1,0,0
1451,6,1,1,1
11,6,1,0,0
519,6,0,0,0
710,6,0,0,0
726,6,1,0,0
340,6,0,0,0
280,6,0,0,0
170,6,0,0,0
926,6,0,0,0
17,6,1,0,0
1064,6,0,0,0
183,6,0,0,0
592,6,1,1,0
638,6,1,1,0
563,6,0,0,0
779,6,0,0,0
164,6,1,0,0
985,6,1,0,0
420,6,0,0,0
451,6,0,0,0
1014,6,0,0,0
494,6,0,0,0
1450,6,1,1,0
579,6,1,0,0
392,6,1,0,0
356,6,0,0,0
656,6,0,0,0
1178,6,0,0,0
433,6,1,0,0
1362,6,0,0,0
591,6,1,0,0
1252,6,0,0,0
227,6,0,0,0
276,6,0,0,0
1292,6,0,0,0
1482,6,0,0,0
883,6,1,0,0
1297,6,0,0,0
940,6,0,0,0
1326,6,0,0,0
1486,6,0,0,0
616,6,0,0,0
1051,6,0,0,0
1050,6,0,0,0
142,6,1,0,0
62,6,0,0,0
351,6,0,0,0
770,6,1,0,0
95,6,0,0,0
1224,6,0,0,0
1010,6,1,0,0
342,6,1,0,0
1445,6,1,1,1
626,6,1,1,0
697,6,0,0,0
311,6,0,0,0
1223,6,0,0,0
206,6,0,0,0
1015,6,0,0,0
1457,6,1,1,0
1463,6,0,0,0
1101,6,1,1,1
856,6,0,0,0
239,6,1,0,0
1266,6,0,0,0
1287,6,0,0,0
941,6,1,1,0
71,6,0,0,0
617,6,0,0,0
619,6,0,0,0
447,6,0,0,0
441,6,0,0,0
383,6,0,0,0
1117,6,0,0,0
1402,6,1,1,1
414,6,1,0,0
94,6,0,0,0
935,6,0,0,0
299,6,0,0,0
674,6,1,0,0
208,6,1,1,0
532,6,0,0,0
1325,6,0,0,0
529,6,1,0,0
573,6,1,1,0
942,6,1,0,0
136,6,0,0,0
1250,6,0,0,0
120,6,1,0,0
1391,6,0,0,0
302,6,0,0,0
284,6,0,0,0
597,6,0,0,0
1200,6,0,0,0
585,6,0,0,0
197,6,1,0,0
683,6,0,0,0
144,7,0,0,0
334,7,0,0,0
934,7,0,0,0
691,7,1,1,1
1164,7,0,0,0
1474,7,1,0,0
480,7,0,0,0
231,7,1,0,0
805,7,0,0,0
106,7,0,0,0
1131,7,1,1,1
1025,7,1,0,0
530,7,0,0,0
1450,7,0,0,0
1211,7,1,1,0
634,7,1,1,0
762,7,1,0,0
369,7,1,0,0
1331,7,0,0,0
982,7,1,0,0
695,7,0,0,0
804,7,0,0,0
1163,7,1,0,0
184,7,0,0,0
638,7,0,0,0
373,7,0,0,0
1083,7,0,0,0
724,7,0,0,0
402,7,1,1,0
1179,7,0,0,0
317,7,0,0,0
307,7,0,0,0
900,7,0,0,0
933,7,0,0,0
1006,7,1,1,0
236,7,0,0,0
1375,7,0,0,0
1105,7,1,0,0
556,7,0,0,0
412,7,1,0,0
534,7,0,0,0
1343,7,0,0,0
374,7,0,0,0
1456,7,0,0,0
810,7,0,0,0
1228,7,0,0,0
1230,7,0,0,0
544,7,1,0,0
995,7,0,0,0
726,7,1,0,0
1220,7,1,0,0
153,7,1,1,0
188,7,0,0,0
1339,7,0,0,0
800,7,0,0,0
1151,7,0,0,0
589,7,0,0,0
8,7,0,0,0
565,7,0,0,0
1137,7,1,0,0
51,7,0,0,0
125,7,0,0,0
342,7,1,0,0
203,7,0,0,0
902,7,0,0,0
1143,7,0,0,0
361,7,0,0,0
728,7,1,0,0
424,7,0,0,0
883,7,0,0,0
1295,7,1,0,0
591,7,0,0,0
1201,7,0,0,0
1176,7,0,0,0
1204,7,0,0,0
446,7,1,0,0
233,7,0,0,0
994,7,1,1,1
41,7,0,0,0
1465,7,1,0,0
224,7,1,0,0
1091,7,0,0,0
1244,7,0,0,0
1196,7,0,0,0
1441,7,0,0,0
880,7,1,0,0
848,7,1,1,0
47,7,1,0,0
509,7,1,0,0
860,7,1,0,0
159,7,1,0,0
127,7,0,0,0
709,7,0,0,0
426,7,0,0,0
574,7,0,0,0
200,7,0,0,0
1080,7,0,0,0
1361,7,1,0,0
776,7,0,0,0
449,7,1,1,0
747,7,0,0,0
1500,7,0,0,0
622,7,0,0,0
1007,7,0,0,0
861,7,1,1,1
218,7,1,1,0
1217,7,0,0,0
72,7,0,0,0
1345,7,0,0,0
811,7,0,0,0
14,7,0,0,0
1386,7,0,0,0
434,7,0,0,0
710,7,1,0,0
74,7,1,0,0
1325,7,1,0,0
62,7,0,0,0
1472,7,1,0,0
382,7,1,0,0
1440,7,1,0,0
1330,7,1,0,0
32,7,1,1,0
197,7,1,1,1
228,7,0,0,0
594,7,0,0,0
46,7,1,1,0
949,7,1,0,0
390,7,0,0,0
206,7,0,0,0
37,7,1,0,0
980,7,0,0,0
886,7,0,0,0
1203,7,0,0,0
1181,7,0,0,0
277,7,0,0,0
448,7,1,0,0
1359,7,1,0,0
1150,7,0,0,0
467,7,0,0,0
1242,7,0,0,0
1493,7,1,1,0
1205,7,0,0,0
683,7,0,0,0
1382,7,1,0,0
1436,7,0,0,0
707,7,0,0,0
1021,7,0,0,0
1483,7,0,0,0
758,7,0,0,0
1221,7,0,0,0
1468,7,1,0,0
923,7,0,0,0
1286,7,0,0,0
1098,7,0,0,0
1437,7,0,0,0
999,7,0,0,0
82,7,0,0,0
906,7,0,0,0
470,7,0,0,0
427,7,1,0,0
1425,7,0,0,0
1248,7,1,1,0
987,7,0,0,0
461,7,0,0,0
20,7,1,1,0
720,7,1,1,1
1385,7,1,1,0
183,7,1,0,0
131,7,0,0,0
492,7,0,0,0
211,7,0,0,0
640,7,0,0,0
733,7,0,0,0
1311,7,0,0,0
1369,7,0,0,0
689,7,0,0,0
576,7,0,0,0
34,7,1,0,0
901,7,0,0,0
1222,7,0,0,0
963,7,1,0,0
455,7,0,0,0
935,7,1,0,0
1234,7,0,0,0
1156,7,0,0,0
1417,7,0,0,0
752,7,0,0,0
700,7,0,0,0
271,7,0,0,0
1408,7,0,0,0
1490,7,0,0,0
1172,7,0,0,0
86,7,0,0,0
192,7,1,1,0
273,7,1,0,0
946,7,1,0,0
234,7,1,0,0
1261,7,1,0,0
502,7,1,1,0
304,7,1,1,0
1461,7,1,0,0
978,7,1,1,0
114,7,1,0,0
1124,7,0,0,0
807,7,1,0,0
802,7,1,1,1
501,7,0,0,0
768,7,0,0,0
1410,7,1,0,0
824,7,0,0,0
421,7,1,0,0
73,7,0,0,0
584,7,1,1,0
873,7,0,0,0
725,7,0,0,0
1232,7,1,0,0
377,7,0,0,0
1112,7,0,0,0
128,7,1,0,0
746,7,1,0,0
759,7,0,0,0
1060,7,0,0,0
1030,7,1,0,0
371,7,0,0,0
750,7,0,0,0
296,7,0,0,0
38,7,1,0,0
252,7,0,0,0
140,7,0,0,0
118,7,0,0,0
1013,7,0,0,0
460,7,0,0,0
1333,7,1,0,0
1278,7,0,0,0
420,7,0,0,0
96,7,0,0,0
910,7,1,0,0
1368,7,1,1,0
1267,7,0,0,0
60,7,0,0,0
378,7,1,0,0
512,7,0,0,0
428,7,0,0,0
1104,7,0,0,0
1075,7,0,0,0
945,7,1,0,0
1122,7,0,0,0
1310,7,0,0,0
112,7,1,0,0
1449,7,0,0,0
504,7,1,0,0
1129,7,0,0,0
928,7,0,0,0
1032,7,0,0,0
555,7,1,0,0
929,7,0,0,0
1276,7,0,0,0
830,7,0,0,0
3,7,1,0,0
1379,7,0,0,0
601,7,1,0,0
870,7,0,0,0
818,7,0,0,0
292,7,1,0,0
889,7,0,0,0
1435,7,1,0,0
888,7,1,0,0
558,7,1,1,1
713,7,0,0,0
245,7,0,0,0
1287,7,0,0,0
54,7,1,0,0
1057,7,0,0,0
466,7,1,0,0
549,7,0,0,0
763,7,0,0,0
1135,7,1,1,0
356,7,0,0,0
755,7,1,0,0
965,7,0,0,0
1344,7,0,0,0
468,7,0,0,0
139,7,1,0,0
90,7,1,0,0
550,7,1,0,0
1034,7,0,0,0
1198,7,0,0,0
1214,7,1,1,1
1409,7,1,0,0
78,7,1,1,1
122,7,1,0,0
223,7,0,0,0
877,7,0,0,0
298,7,0,0,0
137,7,1,1,0
333,7,0,0,0
475,7,1,1,1
1380,7,1,1,1
1237,7,0,0,0
1110,7,1,1,0
205,7,0,0,0
1056,7,0,0,0
580,7,1,0,0
370,7,1,0,0
577,7,1,1,0
578,7,0,0,0
981,7,0,0,0
1319,7,1,1,0
1364,7,0,0,0
366,7,0,0,0
1031,7,0,0,0
173,7,1,0,0
751,7,1,1,0
26,7,0,0,0
685,7,1,1,0
283,7,0,0,0
398,7,1,1,1
1420,7,0,0,0
887,7,0,0,0
301,7,0,0,0
678,7,0,0,0
478,7,0,0,0
765,7,1,1,0
88,7,0,0,0
1002,7,0,0,0
1399,7,0,0,0
115,7,0,0,0
130,7,1,1,1
1303,7,1,0,0
779,7,1,1,0
1101,7,1,0,0
858,7,0,0,0
1169,7,0,0,0
742,7,0,0,0
1194,7,1,1,0
1284,7,0,0,0
1188,7,0,0,0
1334,7,1,0,0
851,7,0,0,0
1197,7,0,0,0
885,7,1,0,0
843,7,0,0,0
226,7,0,0,0
300,7,1,0,0
326,7,1,1,0
143,7,1,0,0
459,7,0,0,0
781,7,1,0,0
540,7,0,0,0
441,7,1,0,0
332,7,1,0,0
1000,7,1,0,0
688,7,1,0,0
1255,7,0,0,0
947,7,0,0,0
505,7,1,0,0
309,7,1,0,0
1041,7,0,0,0
1403,7,1,1,0
1320,7,0,0,0
617,7,1,1,1
354,7,0,0,0
247,7,0,0,0
937,7,0,0,0
561,7,0,0,0
282,7,0,0,0
405,7,0,0,0
1144,7,1,1,0
859,7,1,0,0
383,7,1,0,0
109,7,1,1,0
6,7,0,0,0
553,7,0,0,0
1127,7,0,0,0
52,7,0,0,0
905,7,0,0,0
1475,7,1,1,1
1168,7,0,0,0
440,7,1,0,0
611,7,0,0,0
1451,7,0,0,0
286,7,1,1,0
1480,7,1,1,1
1133,7,1,1,0
573,7,0,0,0
313,7,0,0,0
961,7,1,0,0
418,7,0,0,0
1471,7,1,0,0
254,7,1,0,0
68,7,0,0,0
920,7,0,0,0
45,7,1,0,0
1346,7,1,0,0
996,7,0,0,0
1317,7,1,0,0
1189,7,0,0,0
1074,7,0,0,0
699,7,1,0,0
1088,7,0,0,0
1147,7,0,0,0
832,7,0,0,0
867,7,0,0,0
1384,7,0,0,0
1183,7,1,0,0
712,7,0,0,0
295,7,0,0,0
1009,7,0,0,0
171,7,1,0,0
1280,7,0,0,0
1404,7,1,1,0
559,7,1,1,1
1354,7,0,0,0
1484,7,1,0,0
442,7,0,0,0
671,7,0,0,0
246,7,0,0,0
1342,7,0,0,0
780,7,0,0,0
1348,7,1,0,0
766,7,0,0,0
586,7,1,0,0
1048,7,1,0,0
957,7,1,0,0
564,7,1,1,0
290,7,0,0,0
276,7,0,0,0
1114,7,1,1,0
808,7,0,0,0
444,7,1,0,0
521,7,1,1,1
1152,7,0,0,0
1428,7,0,0,0
69,7,0,0,0
221,7,0,0,0
95,7,1,0,0
679,7,0,0,0
1054,7,0,0,0
1092,7,1,0,0
199,7,0,0,0
346,7,0,0,0
235,7,0,0,0
1123,7,0,0,0
1492,7,1,0,0
1439,7,0,0,0
637,7,0,0,0
1202,7,0,0,0
278,7,1,0,0
242,7,1,0,0
191,7,0,0,0
854,7,1,1,1
1045,7,0,0,0
379,7,0,0,0
806,7,1,1,0
1062,7,0,0,0
571,7,1,0,0
324,7,0,0,0
925,7,0,0,0
59,7,0,0,0
30,7,0,0,0
187,7,1,1,0
299,7,0,0,0
204,7,0,0,0
311,7,0,0,0
264,7,1,0,0
1362,7,0,0,0
1008,7,0,0,0
1347,7,0,0,0
525,7,0,0,0
417,7,0,0,0
1396,7,0,0,0
623,7,0,0,0
1366,7,1,0,0
71,7,0,0,0
31,7,0,0,0
457,7,0,0,0
527,7,0,0,0
942,7,0,0,0
641,7,0,0,0
893,7,1,0,0
845,7,0,0,0
546,7,1,0,0
606,7,0,0,0
908,7,0,0,0
786,7,0,0,0
1050,7,1,0,0
256,7,0,0,0
387,7,1,1,0
1038,7,0,0,0
1271,7,0,0,0
975,7,0,0,0
156,7,1,1,0
554,7,0,0,0
1097,7,1,0,0
1442,7,0,0,0
48,7,0,0,0
64,7,0,0,0
1033,7,0,0,0
664,7,1,1,1
476,7,0,0,0
119,7,1,0,0
1318,7,1,1,1
1407,7,0,0,0
1260,7,0,0,0
897,7,0,0,0
522,7,0,0,0
27,7,0,0,0
834,7,0,0,0
585,7,0,0,0
21,7,0,0,0
855,7,0,0,0
536,7,0,0,0
1486,7,0,0,0
28,7,0,0,0
435,7,0,0,0
1427,7,1,0,0
529,7,1,0,0
508,7,0,0,0
327,7,0,0,0
310,7,1,1,1
1452,7,1,0,0
660,7,0,0,0
604,7,0,0,0
158,7,0,0,0
833,7,1,1,1
227,7,0,0,0
940,7,0,0,0
566,7,0,0,0
107,7,1,0,0
101,7,0,0,0
582,7,1,0,0
506,7,1,1,0
1251,7,1,0,0
314,7,0,0,0
1175,7,0,0,0
1003,7,0,0,0
1225,7,0,0,0
375,7,1,0,0
1268,7,0,0,0
29,7,1,0,0
104,7,0,0,0
239,7,0,0,0
1142,7,0,0,0
740,7,0,0,0
879,7,0,0,0
396,7,0,0,0
669,7,0,0,0
1394,7,0,0,0
464,7,0,0,0
787,7,1,0,0
1498,7,0,0,0
513,7,0,0,0
219,7,0,0,0
524,7,0,0,0
613,7,1,0,0
736,7,0,0,0
1207,7,0,0,0
587,7,0,0,0
329,7,0,0,0
1103,7,0,0,0
1497,7,1,1,1
1489,7,0,0,0
1063,7,1,0,0
1199,7,1,0,0
136,7,1,0,0
291,7,0,0,0
237,7,1,0,0
1079,7,1,0,0
829,7,0,0,0
1308,7,0,0,0
167,7,0,0,0
597,7,1,0,0
557,7,0,0,0
341,7,1,0,0
150,7,1,0,0
874,7,0,0,0
894,7,1,1,0
1195,7,0,0,0
1216,7,0,0,0
305,7,0,0,0
415,7,1,0,0
486,7,0,0,0
1215,7,0,0,0
581,7,0,0,0
588,7,1,1,1
66,7,0,0,0
907,7,0,0,0
1288,7,0,0,0
917,7,1,1,0
1477,7,0,0,0
898,7,0,0,0
1402,7,1,0,0
663,7,1,1,1
1281,7,1,1,1
1389,7,0,0,0
777,7,0,0,0
174,7,0,0,0
914,7,0,0,0
294,7,1,0,0
414,7,1,0,0
1371,7,0,0,0
364,7,1,0,0
1046,7,1,1,1
1445,7,1,1,1
575,7,1,0,0
1253,7,1,1,0
868,7,0,0,0
495,7,1,1,0
821,7,1,0,0
718,7,1,0,0
778,7,0,0,0
738,7,0,0,0
632,7,1,0,0
1455,7,1,0,0
1275,7,0,0,0
1372,7,0,0,0
1270,7,0,0,0
753,7,1,0,0
891,7,0,0,0
1460,7,1,0,0
343,7,1,0,0
169,7,0,0,0
438,7,0,0,0
1158,7,0,0,0
915,7,0,0,0
543,7,1,0,0
631,7,0,0,0
649,7,0,0,0
1109,7,0,0,0
487,7,0,0,0
262,7,1,1,0
274,7,0,0,0
560,7,0,0,0
684,7,0,0,0
1316,7,1,0,0
497,7,0,0,0
154,7,0,0,0
903,7,1,0,0
275,7,0,0,0
168,7,0,0,0
852,7,1,1,0
643,7,1,0,0
146,7,0,0,0
621,7,0,0,0
1422,7,1,1,0
1165,7,0,0,0
847,7,1,1,0
306,7,1,0,0
443,7,0,0,0
541,7,0,0,0
425,7,0,0,0
1078,7,0,0,0
1446,7,1,0,0
408,7,0,0,0
357,7,0,0,0
368,7,0,0,0
479,7,0,0,0
1431,7,1,0,0
944,7,1,0,0
568,7,1,1,1
1153,7,1,0,0
248,7,1,0,0
696,7,1,0,0
993,7,0,0,0
320,7,0,0,0
869,7,0,0,0
1049,7,0,0,0
353,7,0,0,0
705,7,1,0,0
784,7,1,1,1
323,7,0,0,0
1398,7,0,0,0
372,7,0,0,0
124,7,0,0,0
646,7,1,0,0
319,7,0,0,0
607,7,0,0,0
760,7,0,0,0
1457,7,0,0,0
450,7,0,0,0
677,7,1,1,1
1257,7,1,0,0
516,7,0,0,0
962,7,0,0,0
697,7,0,0,0
723,7,0,0,0
771,7,1,1,0
244,7,0,0,0
655,7,0,0,0
1487,7,1,0,0
193,7,1,0,0
385,7,0,0,0
1414,7,1,1,1
91,7,1,0,0
1085,7,1,0,0
1016,7,1,0,0
40,7,0,0,0
1001,7,0,0,0
1406,7,0,0,0
919,7,1,0,0
394,7,1,1,1
413,7,0,0,0
520,7,0,0,0
952,7,0,0,0
1252,7,0,0,0
1223,7,1,0,0
1355,7,0,0,0
1209,7,0,0,0
782,7,0,0,0
55,7,1,1,0
1238,7,1,1,0
10,7,0,0,0
930,7,0,0,0
1466,7,0,0,0
212,7,0,0,0
172,7,1,0,0
596,7,0,0,0
1356,7,1,1,0
452,7,0,0,0
1059,7,1,0,0
769,7,0,0,0
734,7,0,0,0
1274,7,0,0,0
1012,7,0,0,0
670,7,0,0,0
1026,7,0,0,0
729,7,1,1,0
65,7,0,0,0
472,7,0,0,0
1086,7,0,0,0
110,7,1,1,0
825,7,0,0,0
1082,7,0,0,0
1393,7,0,0,0
1383,7,0,0,0
1349,7,1,0,0
774,7,0,0,0
788,7,0,0,0
676,7,1,0,0
316,7,0,0,0
142,7,1,0,0
507,7,0,0,0
1434,7,1,0,0
454,7,0,0,0
423,7,0,0,0
348,7,0,0,0
1022,7,1,1,1
567,7,1,0,0
651,7,0,0,0
186,7,1,0,0
83,7,0,0,0
667,7,1,0,0
790,7,0,0,0
267,7,0,0,0
943,7,1,0,0
913,7,0,0,0
391,7,0,0,0
983,7,1,0,0
229,7,1,0,0
960,7,1,1,0
1246,8,1,0,0
683,8,1,0,0
1315,8,0,0,0
113,8,0,0,0
194,8,0,0,0
591,8,0,0,0
1353,8,1,0,0
1461,8,0,0,0
1306,8,0,0,0
1044,8,0,0,0
20,8,0,0,0
165,8,0,0,0
1254,8,1,0,0
457,8,0,0,0
1371,8,0,0,0
335,8,0,0,0
673,8,0,0,0
579,8,1,0,0
185,8,1,0,0
836,8,0,0,0
226,8,0,0,0
1153,8,0,0,0
181,8,1,0,0
1481,8,1,1,0
283,8,1,0,0
28,8,0,0,0
829,8,0,0,0
446,8,0,0,0
1355,8,0,0,0
390,8,0,0,0
895,8,0,0,0
1442,8,1,0,0
680,8,0,0,0
1162,8,0,0,0
982,8,1,1,0
499,8,0,0,0
437,8,0,0,0
808,8,0,0,0
1320,8,0,0,0
1413,8,0,0,0
222,8,1,0,0
1048,8,1,1,0
1401,8,0,0,0
1038,8,0,0,0
704,8,1,1,0
210,8,0,0,0
505,8,0,0,0
48,8,0,0,0
5,8,1,0,0
231,8,1,0,0
1500,8,0,0,0
1185,8,0,0,0
68,8,0,0,0
537,8,1,0,0
822,8,1,1,0
996,8,1,1,0
44,8,0,0,0
184,8,1,0,0
1029,8,0,0,0
1156,8,0,0,0
875,8,0,0,0
288,8,0,0,0
149,8,0,0,0
136,8,0,0,0
1486,8,1,0,0
273,8,0,0,0
396,8,0,0,0
1497,8,1,0,0
589,8,0,0,0
1229,8,0,0,0
1006,8,0,0,0
458,8,0,0,0
759,8,1,0,0
161,8,0,0,0
949,8,1,1,0
590,8,0,0,0
1115,8,0,0,0
597,8,1,1,0
317,8,0,0,0
1055,8,0,0,0
825,8,0,0,0
361,8,0,0,0
787,8,1,1,0
127,8,1,1,0
975,8,0,0,0
1108,8,0,0,0
891,8,0,0,0
950,8,0,0,0
573,8,0,0,0
784,8,1,0,0
773,8,1,1,0
611,8,0,0,0
971,8,0,0,0
744,8,0,0,0
474,8,0,0,0
1067,8,0,0,0
63,8,0,0,0
545,8,0,0,0
267,8,0,0,0
491,8,0,0,0
1291,8,0,0,0
887,8,0,0,0
932,8,1,0,0
297,8,0,0,0
951,8,0,0,0
880,8,0,0,0
1358,8,0,0,0
152,8,0,0,0
764,8,0,0,0
1204,8,0,0,0
290,8,0,0,0
1470,8,0,0,0
714,8,1,0,0
1381,8,1,0,0
251,8,1,0,0
807,8,1,1,0
1463,8,0,0,0
70,8,1,0,0
852,8,0,0,0
1149,8,1,0,0
428,8,0,0,0
510,8,0,0,0
1199,8,0,0,0
1376,8,0,0,0
936,8,1,0,0
944,8,1,0,0
844,8,1,0,0
1284,8,0,0,0
414,8,0,0,0
280,8,0,0,0
1180,8,0,0,0
1252,8,0,0,0
958,8,0,0,0
1173,8,1,1,0
946,8,0,0,0
916,8,1,1,1
451,8,0,0,0
1109,8,0,0,0
182,8,0,0,0
574,8,1,1,0
119,8,0,0,0
855,8,0,0,0
546,8,1,0,0
991,8,0,0,0
369,8,0,0,0
1014,8,0,0,0
1255,8,1,0,0
804,8,0,0,0
334,8,0,0,0
1002,8,0,0,0
1198,8,1,0,0
463,8,0,0,0
1444,8,0,0,0
1177,8,1,1,0
858,8,1,0,0
750,8,1,0,0
897,8,1,0,0
264,8,0,0,0
1106,8,0,0,0
157,8,0,0,0
122,8,0,0,0
1129,8,0,0,0
443,8,0,0,0
163,8,0,0,0
788,8,0,0,0
690,8,1,0,0
789,8,1,0,0
86,8,0,0,0
342,8,0,0,0
1018,8,0,0,0
454,8,0,0,0
480,8,0,0,0
634,8,0,0,0
904,8,0,0,0
1491,8,0,0,0
67,8,0,0,0
1388,8,1,0,0
1273,8,0,0,0
1132,8,0,0,0
610,8,0,0,0
848,8,0,0,0
259,8,0,0,0
1427,8,0,0,0
1013,8,1,1,1
102,8,1,1,1
180,8,1,0,0
917,8,1,0,0
50,8,0,0,0
769,8,0,0,0
803,8,0,0,0
109,8,0,0,0
164,8,0,0,0
1240,8,1,0,0
1060,8,0,0,0
809,8,0,0,0
710,8,0,0,0
1181,8,0,0,0
268,8,1,1,0
1357,8,0,0,0
380,8,1,0,0
132,8,1,0,0
1446,8,0,0,0
1457,8,0,0,0
277,8,1,0,0
616,8,0,0,0
724,8,1,1,0
974,8,0,0,0
1485,8,1,0,0
1328,8,0,0,0
1428,8,1,0,0
557,8,1,1,1
287,8,0,0,0
129,8,0,0,0
439,8,1,0,0
1484,8,0,0,0
1139,8,1,0,0
1168,8,0,0,0
1064,8,0,0,0
431,8,0,0,0
889,8,0,0,0
514,8,0,0,0
1396,8,1,0,0
712,8,0,0,0
1448,8,1,0,0
539,8,0,0,0
717,8,0,0,0
1406,8,1,0,0
459,8,0,0,0
1295,8,1,1,0
71,8,1,1,0
1362,8,0,0,0
1043,8,0,0,0
99,8,0,0,0
1439,8,0,0,0
923,8,0,0,0
166,8,1,0,0
1053,8,0,0,0
1404,8,0,0,0
292,8,0,0,0
105,8,1,0,0
1441,8,0,0,0
215,8,0,0,0
1089,8,0,0,0
517,8,1,1,1
743,8,0,0,0
878,8,1,0,0
111,8,0,0,0
61,8,0,0,0
1378,8,1,0,0
435,8,0,0,0
198,8,0,0,0
747,8,0,0,0
1094,8,1,1,0
635,8,0,0,0
52,8,1,0,0
1385,8,0,0,0
1092,8,0,0,0
561,8,1,0,0
174,8,1,1,0
1082,8,1,0,0
416,8,1,1,0
1033,8,0,0,0
1227,8,0,0,0
997,8,0,0,0
255,8,0,0,0
1154,8,0,0,0
1118,8,1,0,0
1203,8,0,0,0
838,8,0,0,0
88,8,1,1,0
655,8,0,0,0
218,8,0,0,0
155,8,1,1,0
1297,8,0,0,0
1334,8,1,1,0
1365,8,0,0,0
1434,8,0,0,0
284,8,0,0,0
351,8,0,0,0
188,8,1,0,0
738,8,0,0,0
1140,8,0,0,0
406,8,0,0,0
888,8,0,0,0
1494,8,0,0,0
842,8,0,0,0
341,8,0,0,0
1222,8,1,0,0
434,8,0,0,0
1214,8,1,1,0
1040,8,0,0,0
156,8,1,0,0
1172,8,0,0,0
1020,8,0,0,0
424,8,1,0,0
158,8,1,1,0
625,8,0,0,0
522,8,0,0,0
1098,8,1,0,0
817,8,0,0,0
1415,8,0,0,0
1196,8,0,0,0
82,8,1,1,1
694,8,0,0,0
598,8,1,1,0
229,8,1,1,0
933,8,1,0,0
1102,8,0,0,0
1436,8,1,0,0
581,8,0,0,0
1373,8,0,0,0
596,8,0,0,0
740,8,0,0,0
397,8,1,0,0
409,8,0,0,0
520,8,0,0,0
176,8,0,0,0
1266,8,1,0,0
1402,8,0,0,0
721,8,0,0,0
941,8,1,0,0
870,8,0,0,0
649,8,1,1,0
261,8,0,0,0
811,8,0,0,0
1136,8,0,0,0
1138,8,1,0,0
1179,8,0,0,0
1438,8,0,0,0
225,8,1,1,0
1259,8,0,0,0
1059,8,0,0,0
1189,8,1,0,0
312,8,1,1,0
393,8,0,0,0
881,8,0,0,0
239,8,0,0,0
737,8,0,0,0
1430,8,0,0,0
1260,8,0,0,0
707,8,1,0,0
402,8,1,1,0
730,8,0,0,0
348,8,0,0,0
1119,8,0,0,0
1035,8,0,0,0
795,8,0,0,0
41,8,0,0,0
370,8,0,0,0
1482,8,1,1,0
745,8,0,0,0
323,8,1,1,0
1150,8,0,0,0
193,8,0,0,0
112,8,0,0,0
1057,8,0,0,0
1205,8,0,0,0
733,8,0,0,0
224,8,0,0,0
1263,8,0,0,0
375,8,1,1,0
187,8,0,0,0
253,8,0,0,0
937,8,0,0,0
364,8,1,1,0
1210,8,1,0,0
833,8,0,0,0
56,8,0,0,0
1341,8,0,0,0
1323,8,0,0,0
841,8,0,0,0
497,8,0,0,0
1123,8,0,0,0
990,8,0,0,0
449,8,1,0,0
74,8,0,0,0
1405,8,1,1,1
57,8,0,0,0
1011,8,0,0,0
441,8,1,0,0
767,8,0,0,0
349,8,0,0,0
926,8,0,0,0
753,8,1,0,0
624,8,0,0,0
7,8,0,0,0
97,8,0,0,0
583,8,0,0,0
1458,8,1,0,0
1192,8,0,0,0
1286,8,1,1,0
307,8,0,0,0
1317,8,1,0,0
171,8,0,0,0
1374,8,0,0,0
154,8,1,0,0
208,8,1,0,0
995,8,0,0,0
209,8,0,0,0
654,8,0,0,0
970,8,1,0,0
120,8,1,0,0
521,8,1,0,0
1408,8,0,0,0
622,8,0,0,0
207,8,1,0,0
739,8,1,0,0
294,8,0,0,0
1429,8,0,0,0
613,8,0,0,0
254,8,1,0,0
1237,8,1,0,0
859,8,0,0,0
433,8,0,0,0
839,8,0,0,0
411,8,0,0,0
1309,8,0,0,0
562,8,0,0,0
1093,8,0,0,0
619,8,0,0,0
879,8,1,0,0
956,8,1,0,0
55,8,1,0,0
31,8,0,0,0
876,8,1,0,0
1303,8,0,0,0
1194,8,1,0,0
1423,8,1,1,0
734,8,0,0,0
925,8,0,0,0
636,8,0,0,0
697,8,0,0,0
906,8,0,0,0
1197,8,0,0,0
403,8,1,0,0
299,8,0,0,0
115,8,0,0,0
1360,8,1,0,0
920,8,1,0,0
1236,8,0,0,0
1021,8,0,0,0
336,8,0,0,0
1034,8,0,0,0
106,8,1,0,0
580,8,0,0,0
1464,8,0,0,0
678,8,0,0,0
779,8,1,0,0
1036,8,0,0,0
728,8,1,1,0
493,8,0,0,0
